id	class	method	parent	flags	annotations	visibility	non-primitive-return	path
1	io.micronaut.jackson.core.tree.TreeGenerator	TreeGenerator()	0	[]		package	false	/Users/nima/Developer/micronaut-core/jackson-core/src/main/java/io/micronaut/jackson/core/tree/TreeGenerator.java
2	io.micronaut.jackson.core.tree.TreeGenerator	setCodec(com.fasterxml.jackson.core.ObjectCodec)	3	[false]	java.lang.Override	public	true	/Users/nima/Developer/micronaut-core/jackson-core/src/main/java/io/micronaut/jackson/core/tree/TreeGenerator.java
4	io.micronaut.jackson.core.tree.TreeGenerator	getCodec()	5	[]	java.lang.Override	public	true	/Users/nima/Developer/micronaut-core/jackson-core/src/main/java/io/micronaut/jackson/core/tree/TreeGenerator.java
6	io.micronaut.jackson.core.tree.TreeGenerator	version()	7	[]	java.lang.Override	public	true	/Users/nima/Developer/micronaut-core/jackson-core/src/main/java/io/micronaut/jackson/core/tree/TreeGenerator.java
8	io.micronaut.jackson.core.tree.TreeGenerator	getOutputContext()	9	[]	java.lang.Override	public	true	/Users/nima/Developer/micronaut-core/jackson-core/src/main/java/io/micronaut/jackson/core/tree/TreeGenerator.java
10	io.micronaut.jackson.core.tree.TreeGenerator	enable(com.fasterxml.jackson.core.JsonGenerator.Feature)	11	[false]	java.lang.Override	public	true	/Users/nima/Developer/micronaut-core/jackson-core/src/main/java/io/micronaut/jackson/core/tree/TreeGenerator.java
12	io.micronaut.jackson.core.tree.TreeGenerator	disable(com.fasterxml.jackson.core.JsonGenerator.Feature)	13	[false]	java.lang.Override	public	true	/Users/nima/Developer/micronaut-core/jackson-core/src/main/java/io/micronaut/jackson/core/tree/TreeGenerator.java
14	io.micronaut.jackson.core.tree.TreeGenerator	isEnabled(com.fasterxml.jackson.core.JsonGenerator.Feature)	15	[false]	java.lang.Override	public	false	/Users/nima/Developer/micronaut-core/jackson-core/src/main/java/io/micronaut/jackson/core/tree/TreeGenerator.java
16	io.micronaut.jackson.core.tree.TreeGenerator	getFeatureMask()	17	[]	java.lang.Override	public	false	/Users/nima/Developer/micronaut-core/jackson-core/src/main/java/io/micronaut/jackson/core/tree/TreeGenerator.java
18	io.micronaut.jackson.core.tree.TreeGenerator	setFeatureMask(int)	19	[false]	java.lang.Override	public	true	/Users/nima/Developer/micronaut-core/jackson-core/src/main/java/io/micronaut/jackson/core/tree/TreeGenerator.java
20	io.micronaut.jackson.core.tree.TreeGenerator	useDefaultPrettyPrinter()	21	[]	java.lang.Override	public	true	/Users/nima/Developer/micronaut-core/jackson-core/src/main/java/io/micronaut/jackson/core/tree/TreeGenerator.java
22	io.micronaut.jackson.core.tree.TreeGenerator	checkEmptyNodeStack(com.fasterxml.jackson.core.JsonToken)	0	[false]		private	false	/Users/nima/Developer/micronaut-core/jackson-core/src/main/java/io/micronaut/jackson/core/tree/TreeGenerator.java
23	io.micronaut.jackson.core.tree.TreeGenerator	tokenType(com.fasterxml.jackson.core.JsonToken)	0	[false]		private	true	/Users/nima/Developer/micronaut-core/jackson-core/src/main/java/io/micronaut/jackson/core/tree/TreeGenerator.java
24	io.micronaut.jackson.core.tree.TreeGenerator	complete(io.micronaut.json.tree.JsonNode)	0	[false]		private	false	/Users/nima/Developer/micronaut-core/jackson-core/src/main/java/io/micronaut/jackson/core/tree/TreeGenerator.java
25	io.micronaut.jackson.core.tree.TreeGenerator	isComplete()	0	[]		public	false	/Users/nima/Developer/micronaut-core/jackson-core/src/main/java/io/micronaut/jackson/core/tree/TreeGenerator.java
26	io.micronaut.jackson.core.tree.TreeGenerator	getCompletedValue()	0	[]	io.micronaut.core.annotation.NonNull,io.micronaut.core.annotation.NonNull	public	true	/Users/nima/Developer/micronaut-core/jackson-core/src/main/java/io/micronaut/jackson/core/tree/TreeGenerator.java
27	io.micronaut.jackson.core.tree.TreeGenerator	writeStartArray()	28	[]	java.lang.Override	public	false	/Users/nima/Developer/micronaut-core/jackson-core/src/main/java/io/micronaut/jackson/core/tree/TreeGenerator.java
29	io.micronaut.jackson.core.tree.TreeGenerator	writeEndStructure(com.fasterxml.jackson.core.JsonToken)	0	[false]		private	false	/Users/nima/Developer/micronaut-core/jackson-core/src/main/java/io/micronaut/jackson/core/tree/TreeGenerator.java
30	io.micronaut.jackson.core.tree.TreeGenerator	writeEndArray()	31	[]	java.lang.Override	public	false	/Users/nima/Developer/micronaut-core/jackson-core/src/main/java/io/micronaut/jackson/core/tree/TreeGenerator.java
32	io.micronaut.jackson.core.tree.TreeGenerator	writeStartObject()	33	[]	java.lang.Override	public	false	/Users/nima/Developer/micronaut-core/jackson-core/src/main/java/io/micronaut/jackson/core/tree/TreeGenerator.java
34	io.micronaut.jackson.core.tree.TreeGenerator	writeEndObject()	35	[]	java.lang.Override	public	false	/Users/nima/Developer/micronaut-core/jackson-core/src/main/java/io/micronaut/jackson/core/tree/TreeGenerator.java
36	io.micronaut.jackson.core.tree.TreeGenerator	writeFieldName(java.lang.String)	37	[false]	java.lang.Override	public	false	/Users/nima/Developer/micronaut-core/jackson-core/src/main/java/io/micronaut/jackson/core/tree/TreeGenerator.java
38	io.micronaut.jackson.core.tree.TreeGenerator	writeFieldName(com.fasterxml.jackson.core.SerializableString)	39	[false]	java.lang.Override	public	false	/Users/nima/Developer/micronaut-core/jackson-core/src/main/java/io/micronaut/jackson/core/tree/TreeGenerator.java
40	io.micronaut.jackson.core.tree.TreeGenerator	writeScalar(com.fasterxml.jackson.core.JsonToken,io.micronaut.json.tree.JsonNode)	0	[false, false]		private	false	/Users/nima/Developer/micronaut-core/jackson-core/src/main/java/io/micronaut/jackson/core/tree/TreeGenerator.java
41	io.micronaut.jackson.core.tree.TreeGenerator	writeString(java.lang.String)	42	[false]	java.lang.Override	public	false	/Users/nima/Developer/micronaut-core/jackson-core/src/main/java/io/micronaut/jackson/core/tree/TreeGenerator.java
43	io.micronaut.jackson.core.tree.TreeGenerator	writeString(char[],int,int)	44	[false, false, false]	java.lang.Override	public	false	/Users/nima/Developer/micronaut-core/jackson-core/src/main/java/io/micronaut/jackson/core/tree/TreeGenerator.java
45	io.micronaut.jackson.core.tree.TreeGenerator	writeString(com.fasterxml.jackson.core.SerializableString)	46	[false]	java.lang.Override	public	false	/Users/nima/Developer/micronaut-core/jackson-core/src/main/java/io/micronaut/jackson/core/tree/TreeGenerator.java
47	io.micronaut.jackson.core.tree.TreeGenerator	writeRawUTF8String(byte[],int,int)	48	[false, false, false]	java.lang.Override	public	false	/Users/nima/Developer/micronaut-core/jackson-core/src/main/java/io/micronaut/jackson/core/tree/TreeGenerator.java
49	io.micronaut.jackson.core.tree.TreeGenerator	writeUTF8String(byte[],int,int)	50	[false, false, false]	java.lang.Override	public	false	/Users/nima/Developer/micronaut-core/jackson-core/src/main/java/io/micronaut/jackson/core/tree/TreeGenerator.java
51	io.micronaut.jackson.core.tree.TreeGenerator	writeRaw(java.lang.String)	52	[false]	java.lang.Override	public	false	/Users/nima/Developer/micronaut-core/jackson-core/src/main/java/io/micronaut/jackson/core/tree/TreeGenerator.java
53	io.micronaut.jackson.core.tree.TreeGenerator	writeRaw(java.lang.String,int,int)	54	[false, false, false]	java.lang.Override	public	false	/Users/nima/Developer/micronaut-core/jackson-core/src/main/java/io/micronaut/jackson/core/tree/TreeGenerator.java
55	io.micronaut.jackson.core.tree.TreeGenerator	writeRaw(char[],int,int)	56	[false, false, false]	java.lang.Override	public	false	/Users/nima/Developer/micronaut-core/jackson-core/src/main/java/io/micronaut/jackson/core/tree/TreeGenerator.java
57	io.micronaut.jackson.core.tree.TreeGenerator	writeRaw(char)	58	[false]	java.lang.Override	public	false	/Users/nima/Developer/micronaut-core/jackson-core/src/main/java/io/micronaut/jackson/core/tree/TreeGenerator.java
59	io.micronaut.jackson.core.tree.TreeGenerator	writeRawValue(java.lang.String)	60	[false]	java.lang.Override	public	false	/Users/nima/Developer/micronaut-core/jackson-core/src/main/java/io/micronaut/jackson/core/tree/TreeGenerator.java
61	io.micronaut.jackson.core.tree.TreeGenerator	writeRawValue(java.lang.String,int,int)	62	[false, false, false]	java.lang.Override	public	false	/Users/nima/Developer/micronaut-core/jackson-core/src/main/java/io/micronaut/jackson/core/tree/TreeGenerator.java
63	io.micronaut.jackson.core.tree.TreeGenerator	writeRawValue(char[],int,int)	64	[false, false, false]	java.lang.Override	public	false	/Users/nima/Developer/micronaut-core/jackson-core/src/main/java/io/micronaut/jackson/core/tree/TreeGenerator.java
65	io.micronaut.jackson.core.tree.TreeGenerator	writeBinary(com.fasterxml.jackson.core.Base64Variant,byte[],int,int)	66	[false, false, false, false]	java.lang.Override	public	false	/Users/nima/Developer/micronaut-core/jackson-core/src/main/java/io/micronaut/jackson/core/tree/TreeGenerator.java
67	io.micronaut.jackson.core.tree.TreeGenerator	writeBinary(com.fasterxml.jackson.core.Base64Variant,java.io.InputStream,int)	68	[false, false, false]	java.lang.Override	public	false	/Users/nima/Developer/micronaut-core/jackson-core/src/main/java/io/micronaut/jackson/core/tree/TreeGenerator.java
69	io.micronaut.jackson.core.tree.TreeGenerator	writeNumber(int)	70	[false]	java.lang.Override	public	false	/Users/nima/Developer/micronaut-core/jackson-core/src/main/java/io/micronaut/jackson/core/tree/TreeGenerator.java
71	io.micronaut.jackson.core.tree.TreeGenerator	writeNumber(long)	72	[false]	java.lang.Override	public	false	/Users/nima/Developer/micronaut-core/jackson-core/src/main/java/io/micronaut/jackson/core/tree/TreeGenerator.java
73	io.micronaut.jackson.core.tree.TreeGenerator	writeNumber(java.math.BigInteger)	74	[false]	java.lang.Override	public	false	/Users/nima/Developer/micronaut-core/jackson-core/src/main/java/io/micronaut/jackson/core/tree/TreeGenerator.java
75	io.micronaut.jackson.core.tree.TreeGenerator	writeNumber(double)	76	[false]	java.lang.Override	public	false	/Users/nima/Developer/micronaut-core/jackson-core/src/main/java/io/micronaut/jackson/core/tree/TreeGenerator.java
77	io.micronaut.jackson.core.tree.TreeGenerator	writeNumber(float)	78	[false]	java.lang.Override	public	false	/Users/nima/Developer/micronaut-core/jackson-core/src/main/java/io/micronaut/jackson/core/tree/TreeGenerator.java
79	io.micronaut.jackson.core.tree.TreeGenerator	writeNumber(java.math.BigDecimal)	80	[false]	java.lang.Override	public	false	/Users/nima/Developer/micronaut-core/jackson-core/src/main/java/io/micronaut/jackson/core/tree/TreeGenerator.java
81	io.micronaut.jackson.core.tree.TreeGenerator	writeNumber(java.lang.String)	82	[false]	java.lang.Override	public	false	/Users/nima/Developer/micronaut-core/jackson-core/src/main/java/io/micronaut/jackson/core/tree/TreeGenerator.java
83	io.micronaut.jackson.core.tree.TreeGenerator	writeBoolean(boolean)	84	[false]	java.lang.Override	public	false	/Users/nima/Developer/micronaut-core/jackson-core/src/main/java/io/micronaut/jackson/core/tree/TreeGenerator.java
85	io.micronaut.jackson.core.tree.TreeGenerator	writeNull()	86	[]	java.lang.Override	public	false	/Users/nima/Developer/micronaut-core/jackson-core/src/main/java/io/micronaut/jackson/core/tree/TreeGenerator.java
87	io.micronaut.jackson.core.tree.TreeGenerator	writeObject(java.lang.Object)	88	[false]	java.lang.Override	public	false	/Users/nima/Developer/micronaut-core/jackson-core/src/main/java/io/micronaut/jackson/core/tree/TreeGenerator.java
89	io.micronaut.jackson.core.tree.TreeGenerator	writeTree(com.fasterxml.jackson.core.TreeNode)	90	[false]	java.lang.Override	public	false	/Users/nima/Developer/micronaut-core/jackson-core/src/main/java/io/micronaut/jackson/core/tree/TreeGenerator.java
91	io.micronaut.jackson.core.tree.TreeGenerator	flush()	92	[]	java.lang.Override	public	false	/Users/nima/Developer/micronaut-core/jackson-core/src/main/java/io/micronaut/jackson/core/tree/TreeGenerator.java
93	io.micronaut.jackson.core.tree.TreeGenerator	isClosed()	94	[]	java.lang.Override	public	false	/Users/nima/Developer/micronaut-core/jackson-core/src/main/java/io/micronaut/jackson/core/tree/TreeGenerator.java
95	io.micronaut.jackson.core.tree.TreeGenerator	close()	96	[]	java.lang.Override	public	false	/Users/nima/Developer/micronaut-core/jackson-core/src/main/java/io/micronaut/jackson/core/tree/TreeGenerator.java
97	io.micronaut.jackson.core.tree.TreeGenerator$StructureBuilder	addValue(io.micronaut.json.tree.JsonNode)	0	[false]		public	false	/Users/nima/Developer/micronaut-core/jackson-core/src/main/java/io/micronaut/jackson/core/tree/TreeGenerator.java
98	io.micronaut.jackson.core.tree.TreeGenerator$StructureBuilder	setCurrentFieldName(java.lang.String)	0	[false]		public	false	/Users/nima/Developer/micronaut-core/jackson-core/src/main/java/io/micronaut/jackson/core/tree/TreeGenerator.java
99	io.micronaut.jackson.core.tree.TreeGenerator$StructureBuilder	build()	0	[]		public	true	/Users/nima/Developer/micronaut-core/jackson-core/src/main/java/io/micronaut/jackson/core/tree/TreeGenerator.java
100	io.micronaut.jackson.core.tree.TreeGenerator$ArrayBuilder	addValue(io.micronaut.json.tree.JsonNode)	97	[false]	java.lang.Override	public	false	/Users/nima/Developer/micronaut-core/jackson-core/src/main/java/io/micronaut/jackson/core/tree/TreeGenerator.java
101	io.micronaut.jackson.core.tree.TreeGenerator$ArrayBuilder	setCurrentFieldName(java.lang.String)	98	[false]	java.lang.Override	public	false	/Users/nima/Developer/micronaut-core/jackson-core/src/main/java/io/micronaut/jackson/core/tree/TreeGenerator.java
102	io.micronaut.jackson.core.tree.TreeGenerator$ArrayBuilder	build()	99	[]	java.lang.Override	public	true	/Users/nima/Developer/micronaut-core/jackson-core/src/main/java/io/micronaut/jackson/core/tree/TreeGenerator.java
103	io.micronaut.jackson.core.tree.TreeGenerator$ObjectBuilder	addValue(io.micronaut.json.tree.JsonNode)	97	[false]	java.lang.Override	public	false	/Users/nima/Developer/micronaut-core/jackson-core/src/main/java/io/micronaut/jackson/core/tree/TreeGenerator.java
104	io.micronaut.jackson.core.tree.TreeGenerator$ObjectBuilder	setCurrentFieldName(java.lang.String)	98	[false]	java.lang.Override	public	false	/Users/nima/Developer/micronaut-core/jackson-core/src/main/java/io/micronaut/jackson/core/tree/TreeGenerator.java
105	io.micronaut.jackson.core.tree.TreeGenerator$ObjectBuilder	build()	99	[]	java.lang.Override	public	true	/Users/nima/Developer/micronaut-core/jackson-core/src/main/java/io/micronaut/jackson/core/tree/TreeGenerator.java
106	io.micronaut.jackson.core.tree.JsonStreamTransfer	JsonStreamTransfer()	0	[]		private	false	/Users/nima/Developer/micronaut-core/jackson-core/src/main/java/io/micronaut/jackson/core/tree/JsonStreamTransfer.java
107	io.micronaut.jackson.core.tree.JsonStreamTransfer	transferNext(com.fasterxml.jackson.core.JsonParser,com.fasterxml.jackson.core.JsonGenerator,io.micronaut.json.JsonStreamConfig)	0	[false, false, false]		public	false	/Users/nima/Developer/micronaut-core/jackson-core/src/main/java/io/micronaut/jackson/core/tree/JsonStreamTransfer.java
108	io.micronaut.jackson.core.tree.JsonStreamTransfer	transfer(com.fasterxml.jackson.core.JsonParser,com.fasterxml.jackson.core.JsonGenerator,io.micronaut.json.JsonStreamConfig)	0	[false, false, false]		public	false	/Users/nima/Developer/micronaut-core/jackson-core/src/main/java/io/micronaut/jackson/core/tree/JsonStreamTransfer.java
109	io.micronaut.jackson.core.tree.JsonStreamTransfer	transferCurrentToken(com.fasterxml.jackson.core.JsonParser,com.fasterxml.jackson.core.JsonGenerator,io.micronaut.json.JsonStreamConfig)	0	[false, false, false]		public	false	/Users/nima/Developer/micronaut-core/jackson-core/src/main/java/io/micronaut/jackson/core/tree/JsonStreamTransfer.java
110	io.micronaut.jackson.core.tree.JsonNodeTreeCodec	JsonNodeTreeCodec(io.micronaut.json.JsonStreamConfig)	0	[false]		private	false	/Users/nima/Developer/micronaut-core/jackson-core/src/main/java/io/micronaut/jackson/core/tree/JsonNodeTreeCodec.java
111	io.micronaut.jackson.core.tree.JsonNodeTreeCodec	getInstance()	0	[]		public	true	/Users/nima/Developer/micronaut-core/jackson-core/src/main/java/io/micronaut/jackson/core/tree/JsonNodeTreeCodec.java
112	io.micronaut.jackson.core.tree.JsonNodeTreeCodec	withConfig(io.micronaut.json.JsonStreamConfig)	0	[false]		public	true	/Users/nima/Developer/micronaut-core/jackson-core/src/main/java/io/micronaut/jackson/core/tree/JsonNodeTreeCodec.java
113	io.micronaut.jackson.core.tree.JsonNodeTreeCodec	readTree(com.fasterxml.jackson.core.JsonParser)	0	[false]		public	true	/Users/nima/Developer/micronaut-core/jackson-core/src/main/java/io/micronaut/jackson/core/tree/JsonNodeTreeCodec.java
114	io.micronaut.jackson.core.tree.JsonNodeTreeCodec	writeTree(com.fasterxml.jackson.core.JsonGenerator,io.micronaut.json.tree.JsonNode)	0	[false, false]		public	false	/Users/nima/Developer/micronaut-core/jackson-core/src/main/java/io/micronaut/jackson/core/tree/JsonNodeTreeCodec.java
115	io.micronaut.jackson.core.tree.JsonNodeTreeCodec	treeAsTokens(io.micronaut.json.tree.JsonNode)	0	[false]		public	true	/Users/nima/Developer/micronaut-core/jackson-core/src/main/java/io/micronaut/jackson/core/tree/JsonNodeTreeCodec.java
116	io.micronaut.jackson.core.tree.JsonNodeTreeCodec	createTreeGenerator()	0	[]		public	true	/Users/nima/Developer/micronaut-core/jackson-core/src/main/java/io/micronaut/jackson/core/tree/JsonNodeTreeCodec.java
117	io.micronaut.jackson.core.tree.JsonNodeTraversingParser	JsonNodeTraversingParser(io.micronaut.json.tree.JsonNode)	0	[false]		package	false	/Users/nima/Developer/micronaut-core/jackson-core/src/main/java/io/micronaut/jackson/core/tree/JsonNodeTraversingParser.java
118	io.micronaut.jackson.core.tree.JsonNodeTraversingParser	currentNodeOrNull()	0	[]		private	true	/Users/nima/Developer/micronaut-core/jackson-core/src/main/java/io/micronaut/jackson/core/tree/JsonNodeTraversingParser.java
119	io.micronaut.jackson.core.tree.JsonNodeTraversingParser	nextToken()	120	[]	java.lang.Override	public	true	/Users/nima/Developer/micronaut-core/jackson-core/src/main/java/io/micronaut/jackson/core/tree/JsonNodeTraversingParser.java
121	io.micronaut.jackson.core.tree.JsonNodeTraversingParser	_handleEOF()	122	[]	java.lang.Override	protected	false	/Users/nima/Developer/micronaut-core/jackson-core/src/main/java/io/micronaut/jackson/core/tree/JsonNodeTraversingParser.java
123	io.micronaut.jackson.core.tree.JsonNodeTraversingParser	getCurrentName()	124	[]	java.lang.Override	public	true	/Users/nima/Developer/micronaut-core/jackson-core/src/main/java/io/micronaut/jackson/core/tree/JsonNodeTraversingParser.java
125	io.micronaut.jackson.core.tree.JsonNodeTraversingParser	getCodec()	126	[]	java.lang.Override	public	true	/Users/nima/Developer/micronaut-core/jackson-core/src/main/java/io/micronaut/jackson/core/tree/JsonNodeTraversingParser.java
127	io.micronaut.jackson.core.tree.JsonNodeTraversingParser	setCodec(com.fasterxml.jackson.core.ObjectCodec)	128	[false]	java.lang.Override	public	false	/Users/nima/Developer/micronaut-core/jackson-core/src/main/java/io/micronaut/jackson/core/tree/JsonNodeTraversingParser.java
129	io.micronaut.jackson.core.tree.JsonNodeTraversingParser	version()	130	[]	java.lang.Override	public	true	/Users/nima/Developer/micronaut-core/jackson-core/src/main/java/io/micronaut/jackson/core/tree/JsonNodeTraversingParser.java
131	io.micronaut.jackson.core.tree.JsonNodeTraversingParser	close()	132	[]	java.lang.Override	public	false	/Users/nima/Developer/micronaut-core/jackson-core/src/main/java/io/micronaut/jackson/core/tree/JsonNodeTraversingParser.java
133	io.micronaut.jackson.core.tree.JsonNodeTraversingParser	isClosed()	134	[]	java.lang.Override	public	false	/Users/nima/Developer/micronaut-core/jackson-core/src/main/java/io/micronaut/jackson/core/tree/JsonNodeTraversingParser.java
135	io.micronaut.jackson.core.tree.JsonNodeTraversingParser	getParsingContext()	136	[]	java.lang.Override	public	true	/Users/nima/Developer/micronaut-core/jackson-core/src/main/java/io/micronaut/jackson/core/tree/JsonNodeTraversingParser.java
137	io.micronaut.jackson.core.tree.JsonNodeTraversingParser	getTokenLocation()	138	[]	java.lang.Override	public	true	/Users/nima/Developer/micronaut-core/jackson-core/src/main/java/io/micronaut/jackson/core/tree/JsonNodeTraversingParser.java
139	io.micronaut.jackson.core.tree.JsonNodeTraversingParser	getCurrentLocation()	140	[]	java.lang.Override	public	true	/Users/nima/Developer/micronaut-core/jackson-core/src/main/java/io/micronaut/jackson/core/tree/JsonNodeTraversingParser.java
141	io.micronaut.jackson.core.tree.JsonNodeTraversingParser	overrideCurrentName(java.lang.String)	142	[false]	java.lang.Override	public	false	/Users/nima/Developer/micronaut-core/jackson-core/src/main/java/io/micronaut/jackson/core/tree/JsonNodeTraversingParser.java
143	io.micronaut.jackson.core.tree.JsonNodeTraversingParser	getText()	144	[]	java.lang.Override	public	true	/Users/nima/Developer/micronaut-core/jackson-core/src/main/java/io/micronaut/jackson/core/tree/JsonNodeTraversingParser.java
145	io.micronaut.jackson.core.tree.JsonNodeTraversingParser	getTextCharacters()	146	[]	java.lang.Override	public	true	/Users/nima/Developer/micronaut-core/jackson-core/src/main/java/io/micronaut/jackson/core/tree/JsonNodeTraversingParser.java
147	io.micronaut.jackson.core.tree.JsonNodeTraversingParser	hasTextCharacters()	148	[]	java.lang.Override	public	false	/Users/nima/Developer/micronaut-core/jackson-core/src/main/java/io/micronaut/jackson/core/tree/JsonNodeTraversingParser.java
149	io.micronaut.jackson.core.tree.JsonNodeTraversingParser	currentNumberNode()	0	[]		private	true	/Users/nima/Developer/micronaut-core/jackson-core/src/main/java/io/micronaut/jackson/core/tree/JsonNodeTraversingParser.java
150	io.micronaut.jackson.core.tree.JsonNodeTraversingParser	getNumberValue()	151	[]	java.lang.Override	public	true	/Users/nima/Developer/micronaut-core/jackson-core/src/main/java/io/micronaut/jackson/core/tree/JsonNodeTraversingParser.java
152	io.micronaut.jackson.core.tree.JsonNodeTraversingParser	getNumberType()	153	[]	java.lang.Override	public	true	/Users/nima/Developer/micronaut-core/jackson-core/src/main/java/io/micronaut/jackson/core/tree/JsonNodeTraversingParser.java
154	io.micronaut.jackson.core.tree.JsonNodeTraversingParser	getIntValue()	155	[]	java.lang.Override	public	false	/Users/nima/Developer/micronaut-core/jackson-core/src/main/java/io/micronaut/jackson/core/tree/JsonNodeTraversingParser.java
156	io.micronaut.jackson.core.tree.JsonNodeTraversingParser	getLongValue()	157	[]	java.lang.Override	public	false	/Users/nima/Developer/micronaut-core/jackson-core/src/main/java/io/micronaut/jackson/core/tree/JsonNodeTraversingParser.java
158	io.micronaut.jackson.core.tree.JsonNodeTraversingParser	getBigIntegerValue()	159	[]	java.lang.Override	public	true	/Users/nima/Developer/micronaut-core/jackson-core/src/main/java/io/micronaut/jackson/core/tree/JsonNodeTraversingParser.java
160	io.micronaut.jackson.core.tree.JsonNodeTraversingParser	getFloatValue()	161	[]	java.lang.Override	public	false	/Users/nima/Developer/micronaut-core/jackson-core/src/main/java/io/micronaut/jackson/core/tree/JsonNodeTraversingParser.java
162	io.micronaut.jackson.core.tree.JsonNodeTraversingParser	getDoubleValue()	163	[]	java.lang.Override	public	false	/Users/nima/Developer/micronaut-core/jackson-core/src/main/java/io/micronaut/jackson/core/tree/JsonNodeTraversingParser.java
164	io.micronaut.jackson.core.tree.JsonNodeTraversingParser	getDecimalValue()	165	[]	java.lang.Override	public	true	/Users/nima/Developer/micronaut-core/jackson-core/src/main/java/io/micronaut/jackson/core/tree/JsonNodeTraversingParser.java
166	io.micronaut.jackson.core.tree.JsonNodeTraversingParser	getTextLength()	167	[]	java.lang.Override	public	false	/Users/nima/Developer/micronaut-core/jackson-core/src/main/java/io/micronaut/jackson/core/tree/JsonNodeTraversingParser.java
168	io.micronaut.jackson.core.tree.JsonNodeTraversingParser	getTextOffset()	169	[]	java.lang.Override	public	false	/Users/nima/Developer/micronaut-core/jackson-core/src/main/java/io/micronaut/jackson/core/tree/JsonNodeTraversingParser.java
170	io.micronaut.jackson.core.tree.JsonNodeTraversingParser	getBinaryValue(com.fasterxml.jackson.core.Base64Variant)	171	[false]	java.lang.Override	public	true	/Users/nima/Developer/micronaut-core/jackson-core/src/main/java/io/micronaut/jackson/core/tree/JsonNodeTraversingParser.java
172	io.micronaut.jackson.core.tree.JsonNodeTraversingParser	nodeToText(io.micronaut.json.tree.JsonNode)	0	[false]		private	true	/Users/nima/Developer/micronaut-core/jackson-core/src/main/java/io/micronaut/jackson/core/tree/JsonNodeTraversingParser.java
173	io.micronaut.jackson.core.tree.JsonNodeTraversingParser	asToken(io.micronaut.json.tree.JsonNode)	0	[false]		private	true	/Users/nima/Developer/micronaut-core/jackson-core/src/main/java/io/micronaut/jackson/core/tree/JsonNodeTraversingParser.java
174	io.micronaut.jackson.core.tree.JsonNodeTraversingParser$Context	Context(io.micronaut.jackson.core.tree.JsonNodeTraversingParser.Context)	0	[false]		package	false	/Users/nima/Developer/micronaut-core/jackson-core/src/main/java/io/micronaut/jackson/core/tree/JsonNodeTraversingParser.java
175	io.micronaut.jackson.core.tree.JsonNodeTraversingParser$Context	createSubContextIfContainer(io.micronaut.json.tree.JsonNode)	0	[false]		protected	true	/Users/nima/Developer/micronaut-core/jackson-core/src/main/java/io/micronaut/jackson/core/tree/JsonNodeTraversingParser.java
176	io.micronaut.jackson.core.tree.JsonNodeTraversingParser$Context	getParent()	177	[]	java.lang.Override	public	true	/Users/nima/Developer/micronaut-core/jackson-core/src/main/java/io/micronaut/jackson/core/tree/JsonNodeTraversingParser.java
178	io.micronaut.jackson.core.tree.JsonNodeTraversingParser$Context	next()	0	[]	io.micronaut.core.annotation.Nullable,io.micronaut.core.annotation.Nullable	package	true	/Users/nima/Developer/micronaut-core/jackson-core/src/main/java/io/micronaut/jackson/core/tree/JsonNodeTraversingParser.java
179	io.micronaut.jackson.core.tree.JsonNodeTraversingParser$Context	currentNode()	0	[]	io.micronaut.core.annotation.Nullable,io.micronaut.core.annotation.Nullable	package	true	/Users/nima/Developer/micronaut-core/jackson-core/src/main/java/io/micronaut/jackson/core/tree/JsonNodeTraversingParser.java
180	io.micronaut.jackson.core.tree.JsonNodeTraversingParser$Context	getCurrentName()	181	[]	java.lang.Override	public	true	/Users/nima/Developer/micronaut-core/jackson-core/src/main/java/io/micronaut/jackson/core/tree/JsonNodeTraversingParser.java
182	io.micronaut.jackson.core.tree.JsonNodeTraversingParser$Context	setCurrentName(java.lang.String)	0	[false]		package	false	/Users/nima/Developer/micronaut-core/jackson-core/src/main/java/io/micronaut/jackson/core/tree/JsonNodeTraversingParser.java
183	io.micronaut.jackson.core.tree.JsonNodeTraversingParser$Context	currentToken()	0	[]		package	true	/Users/nima/Developer/micronaut-core/jackson-core/src/main/java/io/micronaut/jackson/core/tree/JsonNodeTraversingParser.java
184	io.micronaut.jackson.core.tree.JsonNodeTraversingParser$Context	getText()	0	[]		package	true	/Users/nima/Developer/micronaut-core/jackson-core/src/main/java/io/micronaut/jackson/core/tree/JsonNodeTraversingParser.java
185	io.micronaut.jackson.core.tree.JsonNodeTraversingParser$ArrayContext	ArrayContext(io.micronaut.jackson.core.tree.JsonNodeTraversingParser.Context,java.util.Iterator)	0	[false, false]		package	false	/Users/nima/Developer/micronaut-core/jackson-core/src/main/java/io/micronaut/jackson/core/tree/JsonNodeTraversingParser.java
186	io.micronaut.jackson.core.tree.JsonNodeTraversingParser$ArrayContext	next()	178	[]	java.lang.Override,io.micronaut.core.annotation.Nullable,io.micronaut.core.annotation.Nullable	package	true	/Users/nima/Developer/micronaut-core/jackson-core/src/main/java/io/micronaut/jackson/core/tree/JsonNodeTraversingParser.java
187	io.micronaut.jackson.core.tree.JsonNodeTraversingParser$ArrayContext	currentNode()	179	[]	java.lang.Override	package	true	/Users/nima/Developer/micronaut-core/jackson-core/src/main/java/io/micronaut/jackson/core/tree/JsonNodeTraversingParser.java
188	io.micronaut.jackson.core.tree.JsonNodeTraversingParser$ArrayContext	getCurrentName()	180	[]	java.lang.Override	public	true	/Users/nima/Developer/micronaut-core/jackson-core/src/main/java/io/micronaut/jackson/core/tree/JsonNodeTraversingParser.java
189	io.micronaut.jackson.core.tree.JsonNodeTraversingParser$ArrayContext	setCurrentName(java.lang.String)	182	[false]	java.lang.Override	package	false	/Users/nima/Developer/micronaut-core/jackson-core/src/main/java/io/micronaut/jackson/core/tree/JsonNodeTraversingParser.java
190	io.micronaut.jackson.core.tree.JsonNodeTraversingParser$ArrayContext	currentToken()	183	[]	java.lang.Override	package	true	/Users/nima/Developer/micronaut-core/jackson-core/src/main/java/io/micronaut/jackson/core/tree/JsonNodeTraversingParser.java
191	io.micronaut.jackson.core.tree.JsonNodeTraversingParser$ArrayContext	getText()	184	[]	java.lang.Override	package	true	/Users/nima/Developer/micronaut-core/jackson-core/src/main/java/io/micronaut/jackson/core/tree/JsonNodeTraversingParser.java
192	io.micronaut.jackson.core.tree.JsonNodeTraversingParser$ObjectContext	ObjectContext(io.micronaut.jackson.core.tree.JsonNodeTraversingParser.Context,java.util.Iterator)	0	[false, false]		package	false	/Users/nima/Developer/micronaut-core/jackson-core/src/main/java/io/micronaut/jackson/core/tree/JsonNodeTraversingParser.java
193	io.micronaut.jackson.core.tree.JsonNodeTraversingParser$ObjectContext	next()	178	[]	io.micronaut.core.annotation.Nullable,java.lang.Override,io.micronaut.core.annotation.Nullable	package	true	/Users/nima/Developer/micronaut-core/jackson-core/src/main/java/io/micronaut/jackson/core/tree/JsonNodeTraversingParser.java
194	io.micronaut.jackson.core.tree.JsonNodeTraversingParser$ObjectContext	currentNode()	179	[]	io.micronaut.core.annotation.Nullable,java.lang.Override,io.micronaut.core.annotation.Nullable	package	true	/Users/nima/Developer/micronaut-core/jackson-core/src/main/java/io/micronaut/jackson/core/tree/JsonNodeTraversingParser.java
195	io.micronaut.jackson.core.tree.JsonNodeTraversingParser$ObjectContext	getCurrentName()	180	[]	java.lang.Override,io.micronaut.core.annotation.Nullable,io.micronaut.core.annotation.Nullable	public	true	/Users/nima/Developer/micronaut-core/jackson-core/src/main/java/io/micronaut/jackson/core/tree/JsonNodeTraversingParser.java
196	io.micronaut.jackson.core.tree.JsonNodeTraversingParser$ObjectContext	setCurrentName(java.lang.String)	182	[true]	java.lang.Override	package	false	/Users/nima/Developer/micronaut-core/jackson-core/src/main/java/io/micronaut/jackson/core/tree/JsonNodeTraversingParser.java
197	io.micronaut.jackson.core.tree.JsonNodeTraversingParser$ObjectContext	currentToken()	183	[]	java.lang.Override	package	true	/Users/nima/Developer/micronaut-core/jackson-core/src/main/java/io/micronaut/jackson/core/tree/JsonNodeTraversingParser.java
198	io.micronaut.jackson.core.tree.JsonNodeTraversingParser$ObjectContext	getText()	184	[]	java.lang.Override	package	true	/Users/nima/Developer/micronaut-core/jackson-core/src/main/java/io/micronaut/jackson/core/tree/JsonNodeTraversingParser.java
199	io.micronaut.jackson.core.tree.JsonNodeTraversingParser$SingleContext	SingleContext(io.micronaut.json.tree.JsonNode)	0	[false]		package	false	/Users/nima/Developer/micronaut-core/jackson-core/src/main/java/io/micronaut/jackson/core/tree/JsonNodeTraversingParser.java
200	io.micronaut.jackson.core.tree.JsonNodeTraversingParser$SingleContext	next()	178	[]	io.micronaut.core.annotation.Nullable,java.lang.Override,io.micronaut.core.annotation.Nullable	package	true	/Users/nima/Developer/micronaut-core/jackson-core/src/main/java/io/micronaut/jackson/core/tree/JsonNodeTraversingParser.java
201	io.micronaut.jackson.core.tree.JsonNodeTraversingParser$SingleContext	currentNode()	179	[]	io.micronaut.core.annotation.Nullable,java.lang.Override,io.micronaut.core.annotation.Nullable	package	true	/Users/nima/Developer/micronaut-core/jackson-core/src/main/java/io/micronaut/jackson/core/tree/JsonNodeTraversingParser.java
202	io.micronaut.jackson.core.tree.JsonNodeTraversingParser$SingleContext	getCurrentName()	180	[]	java.lang.Override	public	true	/Users/nima/Developer/micronaut-core/jackson-core/src/main/java/io/micronaut/jackson/core/tree/JsonNodeTraversingParser.java
203	io.micronaut.jackson.core.tree.JsonNodeTraversingParser$SingleContext	setCurrentName(java.lang.String)	182	[false]	java.lang.Override	package	false	/Users/nima/Developer/micronaut-core/jackson-core/src/main/java/io/micronaut/jackson/core/tree/JsonNodeTraversingParser.java
204	io.micronaut.jackson.core.tree.JsonNodeTraversingParser$SingleContext	currentToken()	183	[]	java.lang.Override	package	true	/Users/nima/Developer/micronaut-core/jackson-core/src/main/java/io/micronaut/jackson/core/tree/JsonNodeTraversingParser.java
205	io.micronaut.jackson.core.tree.JsonNodeTraversingParser$SingleContext	getText()	184	[]	java.lang.Override	package	true	/Users/nima/Developer/micronaut-core/jackson-core/src/main/java/io/micronaut/jackson/core/tree/JsonNodeTraversingParser.java
206	io.micronaut.jackson.core.parser.JacksonCoreProcessor	JacksonCoreProcessor(boolean,com.fasterxml.jackson.core.JsonFactory,io.micronaut.json.JsonStreamConfig)	0	[false, false, false]		public	false	/Users/nima/Developer/micronaut-core/jackson-core/src/main/java/io/micronaut/jackson/core/parser/JacksonCoreProcessor.java
207	io.micronaut.jackson.core.parser.JacksonCoreProcessor	needMoreInput()	0	[]		public	false	/Users/nima/Developer/micronaut-core/jackson-core/src/main/java/io/micronaut/jackson/core/parser/JacksonCoreProcessor.java
208	io.micronaut.jackson.core.parser.JacksonCoreProcessor	doOnComplete()	209	[]	java.lang.Override	protected	false	/Users/nima/Developer/micronaut-core/jackson-core/src/main/java/io/micronaut/jackson/core/parser/JacksonCoreProcessor.java
210	io.micronaut.jackson.core.parser.JacksonCoreProcessor	onUpstreamMessage(byte[])	211	[false]	java.lang.Override	protected	false	/Users/nima/Developer/micronaut-core/jackson-core/src/main/java/io/micronaut/jackson/core/parser/JacksonCoreProcessor.java
212	io.micronaut.jackson.core.parser.JacksonCoreProcessor	publishNode(io.micronaut.json.tree.JsonNode)	0	[false]		private	false	/Users/nima/Developer/micronaut-core/jackson-core/src/main/java/io/micronaut/jackson/core/parser/JacksonCoreProcessor.java
213	io.micronaut.jackson.core.parser.JacksonCoreProcessor	requestMoreInput()	0	[]		private	false	/Users/nima/Developer/micronaut-core/jackson-core/src/main/java/io/micronaut/jackson/core/parser/JacksonCoreProcessor.java
214	io.micronaut.jackson.core.parser.JacksonCoreProcessor	byteFeeder(byte[])	0	[false]		private	true	/Users/nima/Developer/micronaut-core/jackson-core/src/main/java/io/micronaut/jackson/core/parser/JacksonCoreProcessor.java
215	io.micronaut.jackson.core.parser.JacksonCoreParserFactory	JacksonCoreParserFactory()	0	[]		private	false	/Users/nima/Developer/micronaut-core/jackson-core/src/main/java/io/micronaut/jackson/core/parser/JacksonCoreParserFactory.java
216	io.micronaut.jackson.core.parser.JacksonCoreParserFactory	createJsonParser(com.fasterxml.jackson.core.JsonFactory,io.micronaut.core.io.buffer.ByteBuffer)	0	[false, false]		public	true	/Users/nima/Developer/micronaut-core/jackson-core/src/main/java/io/micronaut/jackson/core/parser/JacksonCoreParserFactory.java
217	io.micronaut.jackson.core.env.EnvJsonPropertySourceLoader	EnvJsonPropertySourceLoader()	0	[]		public	false	/Users/nima/Developer/micronaut-core/jackson-core/src/main/java/io/micronaut/jackson/core/env/EnvJsonPropertySourceLoader.java
218	io.micronaut.jackson.core.env.EnvJsonPropertySourceLoader	EnvJsonPropertySourceLoader(boolean)	0	[false]		public	false	/Users/nima/Developer/micronaut-core/jackson-core/src/main/java/io/micronaut/jackson/core/env/EnvJsonPropertySourceLoader.java
219	io.micronaut.jackson.core.env.EnvJsonPropertySourceLoader	getOrder()	220	[]	java.lang.Override	public	false	/Users/nima/Developer/micronaut-core/jackson-core/src/main/java/io/micronaut/jackson/core/env/EnvJsonPropertySourceLoader.java
221	io.micronaut.jackson.core.env.EnvJsonPropertySourceLoader	readInput(io.micronaut.core.io.ResourceLoader,java.lang.String)	222	[false, false]	java.lang.Override	protected	true	/Users/nima/Developer/micronaut-core/jackson-core/src/main/java/io/micronaut/jackson/core/env/EnvJsonPropertySourceLoader.java
223	io.micronaut.jackson.core.env.EnvJsonPropertySourceLoader	getEnvValueAsStream()	0	[]		protected	true	/Users/nima/Developer/micronaut-core/jackson-core/src/main/java/io/micronaut/jackson/core/env/EnvJsonPropertySourceLoader.java
224	io.micronaut.jackson.core.env.EnvJsonPropertySourceLoader	getEnvValue()	0	[]		protected	true	/Users/nima/Developer/micronaut-core/jackson-core/src/main/java/io/micronaut/jackson/core/env/EnvJsonPropertySourceLoader.java
225	io.micronaut.jackson.core.env.JsonPropertySourceLoader	JsonPropertySourceLoader()	0	[]		public	false	/Users/nima/Developer/micronaut-core/jackson-core/src/main/java/io/micronaut/jackson/core/env/JsonPropertySourceLoader.java
226	io.micronaut.jackson.core.env.JsonPropertySourceLoader	JsonPropertySourceLoader(boolean)	0	[false]		public	false	/Users/nima/Developer/micronaut-core/jackson-core/src/main/java/io/micronaut/jackson/core/env/JsonPropertySourceLoader.java
227	io.micronaut.jackson.core.env.JsonPropertySourceLoader	getExtensions()	228	[]	java.lang.Override	public	true	/Users/nima/Developer/micronaut-core/jackson-core/src/main/java/io/micronaut/jackson/core/env/JsonPropertySourceLoader.java
229	io.micronaut.jackson.core.env.JsonPropertySourceLoader	processInput(java.lang.String,java.io.InputStream,java.util.Map)	230	[false, false, false]	java.lang.Override	protected	false	/Users/nima/Developer/micronaut-core/jackson-core/src/main/java/io/micronaut/jackson/core/env/JsonPropertySourceLoader.java
231	io.micronaut.jackson.core.env.JsonPropertySourceLoader	readJsonAsMap(java.io.InputStream)	0	[false]	java.lang.SuppressWarnings	protected	true	/Users/nima/Developer/micronaut-core/jackson-core/src/main/java/io/micronaut/jackson/core/env/JsonPropertySourceLoader.java
232	io.micronaut.jackson.core.env.JsonPropertySourceLoader	readJsonAsObject(java.io.InputStream)	0	[false]		private	true	/Users/nima/Developer/micronaut-core/jackson-core/src/main/java/io/micronaut/jackson/core/env/JsonPropertySourceLoader.java
233	io.micronaut.jackson.core.env.JsonPropertySourceLoader	unwrap(io.micronaut.json.tree.JsonNode)	0	[false]		private	true	/Users/nima/Developer/micronaut-core/jackson-core/src/main/java/io/micronaut/jackson/core/env/JsonPropertySourceLoader.java
234	io.micronaut.jackson.core.env.CloudFoundryVcapServicesPropertySourceLoader	CloudFoundryVcapServicesPropertySourceLoader()	0	[]		public	false	/Users/nima/Developer/micronaut-core/jackson-core/src/main/java/io/micronaut/jackson/core/env/CloudFoundryVcapServicesPropertySourceLoader.java
235	io.micronaut.jackson.core.env.CloudFoundryVcapServicesPropertySourceLoader	CloudFoundryVcapServicesPropertySourceLoader(boolean)	0	[false]		public	false	/Users/nima/Developer/micronaut-core/jackson-core/src/main/java/io/micronaut/jackson/core/env/CloudFoundryVcapServicesPropertySourceLoader.java
236	io.micronaut.jackson.core.env.CloudFoundryVcapServicesPropertySourceLoader	getOrder()	219	[]	java.lang.Override	public	false	/Users/nima/Developer/micronaut-core/jackson-core/src/main/java/io/micronaut/jackson/core/env/CloudFoundryVcapServicesPropertySourceLoader.java
237	io.micronaut.jackson.core.env.CloudFoundryVcapServicesPropertySourceLoader	getEnvValue()	224	[]	java.lang.Override	protected	true	/Users/nima/Developer/micronaut-core/jackson-core/src/main/java/io/micronaut/jackson/core/env/CloudFoundryVcapServicesPropertySourceLoader.java
238	io.micronaut.jackson.core.env.CloudFoundryVcapServicesPropertySourceLoader	getExtensions()	227	[]	java.lang.Override	public	true	/Users/nima/Developer/micronaut-core/jackson-core/src/main/java/io/micronaut/jackson/core/env/CloudFoundryVcapServicesPropertySourceLoader.java
239	io.micronaut.jackson.core.env.CloudFoundryVcapServicesPropertySourceLoader	readInput(io.micronaut.core.io.ResourceLoader,java.lang.String)	221	[false, false]	java.lang.Override	protected	true	/Users/nima/Developer/micronaut-core/jackson-core/src/main/java/io/micronaut/jackson/core/env/CloudFoundryVcapServicesPropertySourceLoader.java
240	io.micronaut.jackson.core.env.CloudFoundryVcapServicesPropertySourceLoader	processInput(java.lang.String,java.io.InputStream,java.util.Map)	229	[false, false, false]	java.lang.Override	protected	false	/Users/nima/Developer/micronaut-core/jackson-core/src/main/java/io/micronaut/jackson/core/env/CloudFoundryVcapServicesPropertySourceLoader.java
241	io.micronaut.jackson.core.env.CloudFoundryVcapServicesPropertySourceLoader	processVcapServices(java.util.Map,java.util.Map)	0	[false, false]		private	false	/Users/nima/Developer/micronaut-core/jackson-core/src/main/java/io/micronaut/jackson/core/env/CloudFoundryVcapServicesPropertySourceLoader.java
242	io.micronaut.jackson.core.env.CloudFoundryVcapServicesPropertySourceLoader	createPropertySource(java.lang.String,java.util.Map,int)	243	[false, false, false]	java.lang.Override	protected	true	/Users/nima/Developer/micronaut-core/jackson-core/src/main/java/io/micronaut/jackson/core/env/CloudFoundryVcapServicesPropertySourceLoader.java
244	io.micronaut.jackson.core.env.CloudFoundryVcapApplicationPropertySourceLoader	CloudFoundryVcapApplicationPropertySourceLoader()	0	[]		public	false	/Users/nima/Developer/micronaut-core/jackson-core/src/main/java/io/micronaut/jackson/core/env/CloudFoundryVcapApplicationPropertySourceLoader.java
245	io.micronaut.jackson.core.env.CloudFoundryVcapApplicationPropertySourceLoader	CloudFoundryVcapApplicationPropertySourceLoader(boolean)	0	[false]		public	false	/Users/nima/Developer/micronaut-core/jackson-core/src/main/java/io/micronaut/jackson/core/env/CloudFoundryVcapApplicationPropertySourceLoader.java
246	io.micronaut.jackson.core.env.CloudFoundryVcapApplicationPropertySourceLoader	getOrder()	219	[]	java.lang.Override	public	false	/Users/nima/Developer/micronaut-core/jackson-core/src/main/java/io/micronaut/jackson/core/env/CloudFoundryVcapApplicationPropertySourceLoader.java
247	io.micronaut.jackson.core.env.CloudFoundryVcapApplicationPropertySourceLoader	getExtensions()	227	[]	java.lang.Override	public	true	/Users/nima/Developer/micronaut-core/jackson-core/src/main/java/io/micronaut/jackson/core/env/CloudFoundryVcapApplicationPropertySourceLoader.java
248	io.micronaut.jackson.core.env.CloudFoundryVcapApplicationPropertySourceLoader	getEnvValue()	224	[]	java.lang.Override	protected	true	/Users/nima/Developer/micronaut-core/jackson-core/src/main/java/io/micronaut/jackson/core/env/CloudFoundryVcapApplicationPropertySourceLoader.java
249	io.micronaut.jackson.core.env.CloudFoundryVcapApplicationPropertySourceLoader	readInput(io.micronaut.core.io.ResourceLoader,java.lang.String)	221	[false, false]	java.lang.Override	protected	true	/Users/nima/Developer/micronaut-core/jackson-core/src/main/java/io/micronaut/jackson/core/env/CloudFoundryVcapApplicationPropertySourceLoader.java
250	io.micronaut.jackson.core.env.CloudFoundryVcapApplicationPropertySourceLoader	processInput(java.lang.String,java.io.InputStream,java.util.Map)	229	[false, false, false]	java.lang.Override	protected	false	/Users/nima/Developer/micronaut-core/jackson-core/src/main/java/io/micronaut/jackson/core/env/CloudFoundryVcapApplicationPropertySourceLoader.java
251	io.micronaut.jackson.core.env.CloudFoundryVcapApplicationPropertySourceLoader	createPropertySource(java.lang.String,java.util.Map,int)	243	[false, false, false]	java.lang.Override	protected	true	/Users/nima/Developer/micronaut-core/jackson-core/src/main/java/io/micronaut/jackson/core/env/CloudFoundryVcapApplicationPropertySourceLoader.java
