REGION_CLASS	REGION_MEMBER	USED_MEMBER	USED_CLASS	SOURCE_TYPE
io.micronaut.core.async.publisher.SingleSubscriberPublisher	subscriber	AtomicReference()	java.util.concurrent.atomic.AtomicReference	SOURCE
io.micronaut.core.async.publisher.SingleSubscriberPublisher	subscribe(org.reactivestreams.Subscriber)	requireNonNull(T,java.lang.String)	java.util.Objects	SOURCE
io.micronaut.core.async.publisher.SingleSubscriberPublisher	subscribe(org.reactivestreams.Subscriber)	compareAndSet(V,V)	java.util.concurrent.atomic.AtomicReference	SOURCE
io.micronaut.core.async.publisher.SingleSubscriberPublisher	subscribe(org.reactivestreams.Subscriber)	onSubscribe(org.reactivestreams.Subscription)	org.reactivestreams.Subscriber	SOURCE
io.micronaut.core.async.publisher.SingleSubscriberPublisher	subscribe(org.reactivestreams.Subscriber)	onError(java.lang.Throwable)	org.reactivestreams.Subscriber	SOURCE
io.micronaut.core.async.publisher.SingleSubscriberPublisher	subscribe(org.reactivestreams.Subscriber)	IllegalStateException(java.lang.String)	java.lang.IllegalStateException	SOURCE
io.micronaut.core.async.publisher.SingleSubscriberPublisher	subscribe(org.reactivestreams.Subscriber)	doSubscribe(org.reactivestreams.Subscriber)	io.micronaut.core.async.publisher.SingleSubscriberPublisher	SOURCE
io.micronaut.core.async.publisher.SingleSubscriberPublisher	currentSubscriber()	ofNullable(T)	java.util.Optional	SOURCE
io.micronaut.core.async.publisher.SingleSubscriberPublisher	currentSubscriber()	get()	java.util.concurrent.atomic.AtomicReference	SOURCE
io.micronaut.core.async.publisher.CompletableFuturePublisher	CompletableFuturePublisher(java.util.function.Supplier)	Object()	java.lang.Object	SOURCE
io.micronaut.core.async.publisher.CompletableFuturePublisher	subscribe(org.reactivestreams.Subscriber)	requireNonNull(T,java.lang.String)	java.util.Objects	SOURCE
io.micronaut.core.async.publisher.CompletableFuturePublisher	subscribe(org.reactivestreams.Subscriber)	onSubscribe(org.reactivestreams.Subscription)	org.reactivestreams.Subscriber	SOURCE
io.micronaut.core.async.publisher.CompletableFuturePublisher	subscribe(org.reactivestreams.Subscriber)	CompletableFutureSubscription(org.reactivestreams.Subscriber)	io.micronaut.core.async.publisher.CompletableFuturePublisher$CompletableFutureSubscription	SOURCE
io.micronaut.core.async.publisher.CompletableFuturePublisher$CompletableFutureSubscription	completed	AtomicBoolean(boolean)	java.util.concurrent.atomic.AtomicBoolean	SOURCE
io.micronaut.core.async.publisher.CompletableFuturePublisher$CompletableFutureSubscription	CompletableFutureSubscription(org.reactivestreams.Subscriber)	Object()	java.lang.Object	SOURCE
io.micronaut.core.async.publisher.CompletableFuturePublisher$CompletableFutureSubscription	request(long)	get()	java.util.concurrent.atomic.AtomicBoolean	SOURCE
io.micronaut.core.async.publisher.CompletableFuturePublisher$CompletableFutureSubscription	request(long)	IllegalArgumentException(java.lang.String)	java.lang.IllegalArgumentException	SOURCE
io.micronaut.core.async.publisher.CompletableFuturePublisher$CompletableFutureSubscription	request(long)	onError(java.lang.Throwable)	org.reactivestreams.Subscriber	SOURCE
io.micronaut.core.async.publisher.CompletableFuturePublisher$CompletableFutureSubscription	request(long)	get()	java.util.function.Supplier	SOURCE
io.micronaut.core.async.publisher.CompletableFuturePublisher$CompletableFutureSubscription	request(long)	onComplete()	org.reactivestreams.Subscriber	SOURCE
io.micronaut.core.async.publisher.CompletableFuturePublisher$CompletableFutureSubscription	request(long)	whenComplete(java.util.function.BiConsumer)	java.util.concurrent.CompletableFuture	SOURCE
io.micronaut.core.async.publisher.CompletableFuturePublisher$CompletableFutureSubscription	request(long)	accept(T,U)	java.util.function.BiConsumer	SOURCE
io.micronaut.core.async.publisher.CompletableFuturePublisher$CompletableFutureSubscription	request(long)	compareAndSet(boolean,boolean)	java.util.concurrent.atomic.AtomicBoolean	SOURCE
io.micronaut.core.async.publisher.CompletableFuturePublisher$CompletableFutureSubscription	request(long)	onError(java.lang.Throwable)	org.reactivestreams.Subscriber	SOURCE
io.micronaut.core.async.publisher.CompletableFuturePublisher$CompletableFutureSubscription	request(long)	onNext(T)	org.reactivestreams.Subscriber	SOURCE
io.micronaut.core.async.publisher.CompletableFuturePublisher$CompletableFutureSubscription	request(long)	onComplete()	org.reactivestreams.Subscriber	SOURCE
io.micronaut.core.async.publisher.CompletableFuturePublisher$CompletableFutureSubscription	request(long)	onError(java.lang.Throwable)	org.reactivestreams.Subscriber	SOURCE
io.micronaut.core.async.publisher.CompletableFuturePublisher$CompletableFutureSubscription	cancel()	compareAndSet(boolean,boolean)	java.util.concurrent.atomic.AtomicBoolean	SOURCE
io.micronaut.core.async.publisher.CompletableFuturePublisher$CompletableFutureSubscription	cancel()	cancel(boolean)	java.util.concurrent.CompletableFuture	SOURCE
io.micronaut.core.async.publisher.Publishers	classLoader	getClassLoader()	java.lang.Class	SOURCE
io.micronaut.core.async.publisher.Publishers	publishers	get(java.lang.Class)	io.micronaut.core.optim.StaticOptimizations	SOURCE
io.micronaut.core.async.publisher.Publishers	null	isPresent()	java.util.Optional	SOURCE
io.micronaut.core.async.publisher.Publishers	optimizations	get()	java.util.Optional	SOURCE
io.micronaut.core.async.publisher.Publishers	null	getReactiveTypes()	io.micronaut.core.async.publisher.PublishersOptimizations	SOURCE
io.micronaut.core.async.publisher.Publishers	null	getSingleTypes()	io.micronaut.core.async.publisher.PublishersOptimizations	SOURCE
io.micronaut.core.async.publisher.Publishers	null	getCompletableTypes()	io.micronaut.core.async.publisher.PublishersOptimizations	SOURCE
io.micronaut.core.async.publisher.Publishers	null	ArrayList(int)	java.util.ArrayList	SOURCE
io.micronaut.core.async.publisher.Publishers	null	ArrayList(int)	java.util.ArrayList	SOURCE
io.micronaut.core.async.publisher.Publishers	null	ArrayList(int)	java.util.ArrayList	SOURCE
io.micronaut.core.async.publisher.Publishers	null	getNonSpecificReactiveTypeNames()	io.micronaut.core.async.publisher.Publishers	SOURCE
io.micronaut.core.async.publisher.Publishers	aClass	forName(java.lang.String,java.lang.ClassLoader)	io.micronaut.core.reflect.ClassUtils	SOURCE
io.micronaut.core.async.publisher.Publishers	null	ifPresent(java.util.function.Consumer)	java.util.Optional	SOURCE
io.micronaut.core.async.publisher.Publishers	null	accept(T)	java.util.function.Consumer	SOURCE
io.micronaut.core.async.publisher.Publishers	null	add(E)	java.util.List	SOURCE
io.micronaut.core.async.publisher.Publishers	null	getSingleTypeNames()	io.micronaut.core.async.publisher.Publishers	SOURCE
io.micronaut.core.async.publisher.Publishers	aClass	forName(java.lang.String,java.lang.ClassLoader)	io.micronaut.core.reflect.ClassUtils	SOURCE
io.micronaut.core.async.publisher.Publishers	null	ifPresent(java.util.function.Consumer)	java.util.Optional	SOURCE
io.micronaut.core.async.publisher.Publishers	null	accept(T)	java.util.function.Consumer	SOURCE
io.micronaut.core.async.publisher.Publishers	null	add(E)	java.util.List	SOURCE
io.micronaut.core.async.publisher.Publishers	null	add(E)	java.util.List	SOURCE
io.micronaut.core.async.publisher.Publishers	null	getCompletableTypeNames()	io.micronaut.core.async.publisher.Publishers	SOURCE
io.micronaut.core.async.publisher.Publishers	aClass	forName(java.lang.String,java.lang.ClassLoader)	io.micronaut.core.reflect.ClassUtils	SOURCE
io.micronaut.core.async.publisher.Publishers	null	ifPresent(java.util.function.Consumer)	java.util.Optional	SOURCE
io.micronaut.core.async.publisher.Publishers	null	accept(T)	java.util.function.Consumer	SOURCE
io.micronaut.core.async.publisher.Publishers	null	add(E)	java.util.List	SOURCE
io.micronaut.core.async.publisher.Publishers	null	add(E)	java.util.List	SOURCE
io.micronaut.core.async.publisher.Publishers	getSingleTypeNames()	of(E,E,E,E,E,E,E,E)	java.util.List	SOURCE
io.micronaut.core.async.publisher.Publishers	getCompletableTypeNames()	of(E,E,E)	java.util.List	SOURCE
io.micronaut.core.async.publisher.Publishers	getNonSpecificReactiveTypeNames()	of(E,E,E,E,E)	java.util.List	SOURCE
io.micronaut.core.async.publisher.Publishers	getReactiveTypeNames()	toList()	java.util.stream.Stream	SOURCE
io.micronaut.core.async.publisher.Publishers	getReactiveTypeNames()	flatMap(java.util.function.Function)	java.util.stream.Stream	SOURCE
io.micronaut.core.async.publisher.Publishers	getReactiveTypeNames()	of(T[])	java.util.stream.Stream	SOURCE
io.micronaut.core.async.publisher.Publishers	getReactiveTypeNames()	getNonSpecificReactiveTypeNames()	io.micronaut.core.async.publisher.Publishers	SOURCE
io.micronaut.core.async.publisher.Publishers	getReactiveTypeNames()	getSingleTypeNames()	io.micronaut.core.async.publisher.Publishers	SOURCE
io.micronaut.core.async.publisher.Publishers	getReactiveTypeNames()	getCompletableTypeNames()	io.micronaut.core.async.publisher.Publishers	SOURCE
io.micronaut.core.async.publisher.Publishers	getReactiveTypeNames()	of(E)	java.util.List	SOURCE
io.micronaut.core.async.publisher.Publishers	getReactiveTypeNames()	apply(T)	java.util.function.Function	SOURCE
io.micronaut.core.async.publisher.Publishers	getReactiveTypeNames()	stream()	java.util.Collection	SOURCE
io.micronaut.core.async.publisher.Publishers	registerReactiveType(java.lang.Class)	add(E)	java.util.List	SOURCE
io.micronaut.core.async.publisher.Publishers	registerReactiveSingle(java.lang.Class)	registerReactiveType(java.lang.Class)	io.micronaut.core.async.publisher.Publishers	SOURCE
io.micronaut.core.async.publisher.Publishers	registerReactiveSingle(java.lang.Class)	add(E)	java.util.List	SOURCE
io.micronaut.core.async.publisher.Publishers	registerReactiveCompletable(java.lang.Class)	registerReactiveType(java.lang.Class)	io.micronaut.core.async.publisher.Publishers	SOURCE
io.micronaut.core.async.publisher.Publishers	registerReactiveCompletable(java.lang.Class)	add(E)	java.util.List	SOURCE
io.micronaut.core.async.publisher.Publishers	getKnownReactiveTypes()	copyOf(java.util.Collection)	java.util.List	SOURCE
io.micronaut.core.async.publisher.Publishers	getKnownSingleTypes()	unmodifiableList(java.util.List)	java.util.Collections	SOURCE
io.micronaut.core.async.publisher.Publishers	getKnownSingleTypes()	ArrayList(java.util.Collection)	java.util.ArrayList	SOURCE
io.micronaut.core.async.publisher.Publishers	getKnownCompletableTypes()	unmodifiableList(java.util.List)	java.util.Collections	SOURCE
io.micronaut.core.async.publisher.Publishers	getKnownCompletableTypes()	ArrayList(java.util.Collection)	java.util.ArrayList	SOURCE
io.micronaut.core.async.publisher.Publishers	fromCompletableFuture(java.util.function.Supplier)	CompletableFuturePublisher(java.util.function.Supplier)	io.micronaut.core.async.publisher.CompletableFuturePublisher	SOURCE
io.micronaut.core.async.publisher.Publishers	fromCompletableFuture(java.util.concurrent.CompletableFuture)	CompletableFuturePublisher(java.util.function.Supplier)	io.micronaut.core.async.publisher.CompletableFuturePublisher	SOURCE
io.micronaut.core.async.publisher.Publishers	fromCompletableFuture(java.util.concurrent.CompletableFuture)	get()	java.util.function.Supplier	SOURCE
io.micronaut.core.async.publisher.Publishers	just(T)	JustPublisher(T)	io.micronaut.core.async.publisher.Publishers$JustPublisher	SOURCE
io.micronaut.core.async.publisher.Publishers	just(java.lang.Throwable)	JustThrowPublisher(java.lang.Throwable)	io.micronaut.core.async.publisher.Publishers$JustThrowPublisher	SOURCE
io.micronaut.core.async.publisher.Publishers	empty()	JustCompletePublisher()	io.micronaut.core.async.publisher.Publishers$JustCompletePublisher	SOURCE
io.micronaut.core.async.publisher.Publishers	map(org.reactivestreams.Publisher,java.util.function.Function)	subscribe(org.reactivestreams.Subscriber)	org.reactivestreams.Publisher	SOURCE
io.micronaut.core.async.publisher.Publishers	map(org.reactivestreams.Publisher,java.util.function.Function)	subscribe(org.reactivestreams.Subscriber)	org.reactivestreams.Publisher	SOURCE
io.micronaut.core.async.publisher.Publishers$1	doOnSubscribe(org.reactivestreams.Subscription)	onSubscribe(org.reactivestreams.Subscription)	org.reactivestreams.Subscriber	SOURCE
io.micronaut.core.async.publisher.Publishers$1	doOnNext(T)	requireNonNull(T,java.lang.String)	java.util.Objects	SOURCE
io.micronaut.core.async.publisher.Publishers$1	doOnNext(T)	apply(T)	java.util.function.Function	SOURCE
io.micronaut.core.async.publisher.Publishers$1	doOnNext(T)	onNext(T)	org.reactivestreams.Subscriber	SOURCE
io.micronaut.core.async.publisher.Publishers$1	doOnNext(T)	onError(java.lang.Throwable)	io.micronaut.core.async.subscriber.CompletionAwareSubscriber	SOURCE
io.micronaut.core.async.publisher.Publishers$1	doOnError(java.lang.Throwable)	onError(java.lang.Throwable)	org.reactivestreams.Subscriber	SOURCE
io.micronaut.core.async.publisher.Publishers$1	doOnComplete()	onComplete()	org.reactivestreams.Subscriber	SOURCE
io.micronaut.core.async.publisher.Publishers	mapOrSupplyEmpty(org.reactivestreams.Publisher,io.micronaut.core.async.publisher.Publishers.MapOrSupplyEmpty)	subscribe(org.reactivestreams.Subscriber)	org.reactivestreams.Publisher	SOURCE
io.micronaut.core.async.publisher.Publishers	mapOrSupplyEmpty(org.reactivestreams.Publisher,io.micronaut.core.async.publisher.Publishers.MapOrSupplyEmpty)	subscribe(org.reactivestreams.Subscriber)	org.reactivestreams.Publisher	SOURCE
io.micronaut.core.async.publisher.Publishers$2	resultPresent	AtomicBoolean()	java.util.concurrent.atomic.AtomicBoolean	SOURCE
io.micronaut.core.async.publisher.Publishers$2	doOnSubscribe(org.reactivestreams.Subscription)	onSubscribe(org.reactivestreams.Subscription)	org.reactivestreams.Subscriber	SOURCE
io.micronaut.core.async.publisher.Publishers$2	doOnNext(T)	requireNonNull(T,java.lang.String)	java.util.Objects	SOURCE
io.micronaut.core.async.publisher.Publishers$2	doOnNext(T)	map(T)	io.micronaut.core.async.publisher.Publishers$MapOrSupplyEmpty	SOURCE
io.micronaut.core.async.publisher.Publishers$2	doOnNext(T)	onNext(T)	org.reactivestreams.Subscriber	SOURCE
io.micronaut.core.async.publisher.Publishers$2	doOnNext(T)	set(boolean)	java.util.concurrent.atomic.AtomicBoolean	SOURCE
io.micronaut.core.async.publisher.Publishers$2	doOnNext(T)	onError(java.lang.Throwable)	io.micronaut.core.async.subscriber.CompletionAwareSubscriber	SOURCE
io.micronaut.core.async.publisher.Publishers$2	doOnError(java.lang.Throwable)	onError(java.lang.Throwable)	org.reactivestreams.Subscriber	SOURCE
io.micronaut.core.async.publisher.Publishers$2	doOnComplete()	get()	java.util.concurrent.atomic.AtomicBoolean	SOURCE
io.micronaut.core.async.publisher.Publishers$2	doOnComplete()	onNext(T)	org.reactivestreams.Subscriber	SOURCE
io.micronaut.core.async.publisher.Publishers$2	doOnComplete()	supplyEmpty()	io.micronaut.core.async.publisher.Publishers$MapOrSupplyEmpty	SOURCE
io.micronaut.core.async.publisher.Publishers$2	doOnComplete()	onComplete()	org.reactivestreams.Subscriber	SOURCE
io.micronaut.core.async.publisher.Publishers	then(org.reactivestreams.Publisher,java.util.function.Consumer)	subscribe(org.reactivestreams.Subscriber)	org.reactivestreams.Publisher	SOURCE
io.micronaut.core.async.publisher.Publishers	then(org.reactivestreams.Publisher,java.util.function.Consumer)	subscribe(org.reactivestreams.Subscriber)	org.reactivestreams.Publisher	SOURCE
io.micronaut.core.async.publisher.Publishers$3	doOnSubscribe(org.reactivestreams.Subscription)	onSubscribe(org.reactivestreams.Subscription)	org.reactivestreams.Subscriber	SOURCE
io.micronaut.core.async.publisher.Publishers$3	doOnNext(T)	accept(T)	java.util.function.Consumer	SOURCE
io.micronaut.core.async.publisher.Publishers$3	doOnNext(T)	onNext(T)	org.reactivestreams.Subscriber	SOURCE
io.micronaut.core.async.publisher.Publishers$3	doOnNext(T)	onError(java.lang.Throwable)	io.micronaut.core.async.subscriber.CompletionAwareSubscriber	SOURCE
io.micronaut.core.async.publisher.Publishers$3	doOnError(java.lang.Throwable)	onError(java.lang.Throwable)	org.reactivestreams.Subscriber	SOURCE
io.micronaut.core.async.publisher.Publishers$3	doOnComplete()	onComplete()	org.reactivestreams.Subscriber	SOURCE
io.micronaut.core.async.publisher.Publishers	onComplete(org.reactivestreams.Publisher,java.util.function.Supplier)	subscribe(org.reactivestreams.Subscriber)	org.reactivestreams.Publisher	SOURCE
io.micronaut.core.async.publisher.Publishers	onComplete(org.reactivestreams.Publisher,java.util.function.Supplier)	subscribe(org.reactivestreams.Subscriber)	org.reactivestreams.Publisher	SOURCE
io.micronaut.core.async.publisher.Publishers$4	doOnSubscribe(org.reactivestreams.Subscription)	onSubscribe(org.reactivestreams.Subscription)	org.reactivestreams.Subscriber	SOURCE
io.micronaut.core.async.publisher.Publishers$4	doOnNext(T)	onNext(T)	org.reactivestreams.Subscriber	SOURCE
io.micronaut.core.async.publisher.Publishers$4	doOnNext(T)	onError(java.lang.Throwable)	io.micronaut.core.async.subscriber.CompletionAwareSubscriber	SOURCE
io.micronaut.core.async.publisher.Publishers$4	doOnError(java.lang.Throwable)	onError(java.lang.Throwable)	org.reactivestreams.Subscriber	SOURCE
io.micronaut.core.async.publisher.Publishers$4	doOnComplete()	whenComplete(java.util.function.BiConsumer)	java.util.concurrent.CompletableFuture	SOURCE
io.micronaut.core.async.publisher.Publishers$4	doOnComplete()	get()	java.util.function.Supplier	SOURCE
io.micronaut.core.async.publisher.Publishers$4	doOnComplete()	accept(T,U)	java.util.function.BiConsumer	SOURCE
io.micronaut.core.async.publisher.Publishers$4	doOnComplete()	onError(java.lang.Throwable)	org.reactivestreams.Subscriber	SOURCE
io.micronaut.core.async.publisher.Publishers$4	doOnComplete()	onComplete()	org.reactivestreams.Subscriber	SOURCE
io.micronaut.core.async.publisher.Publishers	isConvertibleToPublisher(java.lang.Class)	isAssignableFrom(java.lang.Class)	java.lang.Class	SOURCE
io.micronaut.core.async.publisher.Publishers	isConvertibleToPublisher(java.lang.Class)	isPrimitive()	java.lang.Class	SOURCE
io.micronaut.core.async.publisher.Publishers	isConvertibleToPublisher(java.lang.Class)	startsWith(java.lang.String)	java.lang.String	SOURCE
io.micronaut.core.async.publisher.Publishers	isConvertibleToPublisher(java.lang.Class)	getName()	java.lang.Class	SOURCE
io.micronaut.core.async.publisher.Publishers	isConvertibleToPublisher(java.lang.Class)	isAssignableFrom(java.lang.Class)	java.lang.Class	SOURCE
io.micronaut.core.async.publisher.Publishers	packageOf(java.lang.Class)	getPackage()	java.lang.Class	SOURCE
io.micronaut.core.async.publisher.Publishers	packageOf(java.lang.Class)	getName()	java.lang.Package	SOURCE
io.micronaut.core.async.publisher.Publishers	isConvertibleToPublisher(java.lang.Object)	isConvertibleToPublisher(java.lang.Class)	io.micronaut.core.async.publisher.Publishers	SOURCE
io.micronaut.core.async.publisher.Publishers	isConvertibleToPublisher(java.lang.Object)	getClass()	java.lang.Object	SOURCE
io.micronaut.core.async.publisher.Publishers	convertPublisher(java.lang.Object,java.lang.Class)	convertPublisher(io.micronaut.core.convert.ConversionService,java.lang.Object,java.lang.Class)	io.micronaut.core.async.publisher.Publishers	SOURCE
io.micronaut.core.async.publisher.Publishers	convertPublisher(io.micronaut.core.convert.ConversionService,java.lang.Object,java.lang.Class)	requireNonNull(T,java.lang.String)	java.util.Objects	SOURCE
io.micronaut.core.async.publisher.Publishers	convertPublisher(io.micronaut.core.convert.ConversionService,java.lang.Object,java.lang.Class)	requireNonNull(T,java.lang.String)	java.util.Objects	SOURCE
io.micronaut.core.async.publisher.Publishers	convertPublisher(io.micronaut.core.convert.ConversionService,java.lang.Object,java.lang.Class)	isInstance(java.lang.Object)	java.lang.Class	SOURCE
io.micronaut.core.async.publisher.Publishers	convertPublisher(io.micronaut.core.convert.ConversionService,java.lang.Object,java.lang.Class)	fromCompletableFuture(java.util.function.Supplier)	io.micronaut.core.async.publisher.Publishers	SOURCE
io.micronaut.core.async.publisher.Publishers	convertPublisher(io.micronaut.core.convert.ConversionService,java.lang.Object,java.lang.Class)	get()	java.util.function.Supplier	SOURCE
io.micronaut.core.async.publisher.Publishers	convertPublisher(io.micronaut.core.convert.ConversionService,java.lang.Object,java.lang.Class)	orElseThrow(java.util.function.Supplier)	java.util.Optional	SOURCE
io.micronaut.core.async.publisher.Publishers	convertPublisher(io.micronaut.core.convert.ConversionService,java.lang.Object,java.lang.Class)	convert(java.lang.Object,java.lang.Class)	io.micronaut.core.convert.ConversionService	SOURCE
io.micronaut.core.async.publisher.Publishers	convertPublisher(io.micronaut.core.convert.ConversionService,java.lang.Object,java.lang.Class)	get()	java.util.function.Supplier	SOURCE
io.micronaut.core.async.publisher.Publishers	convertPublisher(io.micronaut.core.convert.ConversionService,java.lang.Object,java.lang.Class)	unconvertibleError(java.lang.Object,java.lang.Class)	io.micronaut.core.async.publisher.Publishers	SOURCE
io.micronaut.core.async.publisher.Publishers	convertPublisher(io.micronaut.core.convert.ConversionService,java.lang.Object,java.lang.Class)	isAssignableFrom(java.lang.Class)	java.lang.Class	SOURCE
io.micronaut.core.async.publisher.Publishers	convertPublisher(io.micronaut.core.convert.ConversionService,java.lang.Object,java.lang.Class)	orElseThrow(java.util.function.Supplier)	java.util.Optional	SOURCE
io.micronaut.core.async.publisher.Publishers	convertPublisher(io.micronaut.core.convert.ConversionService,java.lang.Object,java.lang.Class)	convert(java.lang.Object,java.lang.Class)	io.micronaut.core.convert.ConversionService	SOURCE
io.micronaut.core.async.publisher.Publishers	convertPublisher(io.micronaut.core.convert.ConversionService,java.lang.Object,java.lang.Class)	get()	java.util.function.Supplier	SOURCE
io.micronaut.core.async.publisher.Publishers	convertPublisher(io.micronaut.core.convert.ConversionService,java.lang.Object,java.lang.Class)	unconvertibleError(java.lang.Object,java.lang.Class)	io.micronaut.core.async.publisher.Publishers	SOURCE
io.micronaut.core.async.publisher.Publishers	isSingle(java.lang.Class)	isAssignableFrom(java.lang.Class)	java.lang.Class	SOURCE
io.micronaut.core.async.publisher.Publishers	isCompletable(java.lang.Class)	isAssignableFrom(java.lang.Class)	java.lang.Class	SOURCE
io.micronaut.core.async.publisher.Publishers	unconvertibleError(java.lang.Object,java.lang.Class)	IllegalArgumentException(java.lang.String)	java.lang.IllegalArgumentException	SOURCE
io.micronaut.core.async.publisher.Publishers	unconvertibleError(java.lang.Object,java.lang.Class)	getClass()	java.lang.Object	SOURCE
io.micronaut.core.async.publisher.Publishers$JustPublisher	JustPublisher(T)	Object()	java.lang.Object	SOURCE
io.micronaut.core.async.publisher.Publishers$JustPublisher	subscribe(org.reactivestreams.Subscriber)	onSubscribe(org.reactivestreams.Subscription)	org.reactivestreams.Subscriber	SOURCE
io.micronaut.core.async.publisher.Publishers$JustPublisher$1	request(long)	onNext(T)	org.reactivestreams.Subscriber	SOURCE
io.micronaut.core.async.publisher.Publishers$JustPublisher$1	request(long)	onComplete()	org.reactivestreams.Subscriber	SOURCE
io.micronaut.core.async.publisher.Publishers$JustThrowPublisher	JustThrowPublisher(java.lang.Throwable)	Object()	java.lang.Object	SOURCE
io.micronaut.core.async.publisher.Publishers$JustThrowPublisher	subscribe(org.reactivestreams.Subscriber)	onSubscribe(org.reactivestreams.Subscription)	org.reactivestreams.Subscriber	SOURCE
io.micronaut.core.async.publisher.Publishers$JustThrowPublisher$1	request(long)	onError(java.lang.Throwable)	org.reactivestreams.Subscriber	SOURCE
io.micronaut.core.async.publisher.Publishers$JustCompletePublisher	subscribe(org.reactivestreams.Subscriber)	onSubscribe(org.reactivestreams.Subscription)	org.reactivestreams.Subscriber	SOURCE
io.micronaut.core.async.publisher.Publishers$JustCompletePublisher$1	request(long)	onComplete()	org.reactivestreams.Subscriber	SOURCE
io.micronaut.core.async.publisher.AsyncSingleResultPublisher	AsyncSingleResultPublisher(java.util.concurrent.ExecutorService,java.util.function.Supplier)	Object()	java.lang.Object	SOURCE
io.micronaut.core.async.publisher.AsyncSingleResultPublisher	AsyncSingleResultPublisher(java.util.function.Supplier)	AsyncSingleResultPublisher(java.util.concurrent.ExecutorService,java.util.function.Supplier)	io.micronaut.core.async.publisher.AsyncSingleResultPublisher	SOURCE
io.micronaut.core.async.publisher.AsyncSingleResultPublisher	AsyncSingleResultPublisher(java.util.function.Supplier)	commonPool()	java.util.concurrent.ForkJoinPool	SOURCE
io.micronaut.core.async.publisher.AsyncSingleResultPublisher	subscribe(org.reactivestreams.Subscriber)	requireNonNull(T,java.lang.String)	java.util.Objects	SOURCE
io.micronaut.core.async.publisher.AsyncSingleResultPublisher	subscribe(org.reactivestreams.Subscriber)	onSubscribe(org.reactivestreams.Subscription)	org.reactivestreams.Subscriber	SOURCE
io.micronaut.core.async.publisher.AsyncSingleResultPublisher	subscribe(org.reactivestreams.Subscriber)	ExecutorServiceSubscription(org.reactivestreams.Subscriber,java.util.function.Supplier,java.util.concurrent.ExecutorService)	io.micronaut.core.async.publisher.AsyncSingleResultPublisher$ExecutorServiceSubscription	SOURCE
io.micronaut.core.async.publisher.AsyncSingleResultPublisher$ExecutorServiceSubscription	ExecutorServiceSubscription(org.reactivestreams.Subscriber,java.util.function.Supplier,java.util.concurrent.ExecutorService)	Object()	java.lang.Object	SOURCE
io.micronaut.core.async.publisher.AsyncSingleResultPublisher$ExecutorServiceSubscription	request(long)	IllegalArgumentException()	java.lang.IllegalArgumentException	SOURCE
io.micronaut.core.async.publisher.AsyncSingleResultPublisher$ExecutorServiceSubscription	request(long)	execute(java.lang.Runnable)	java.util.concurrent.Executor	SOURCE
io.micronaut.core.async.publisher.AsyncSingleResultPublisher$ExecutorServiceSubscription	request(long)	run()	java.lang.Runnable	SOURCE
io.micronaut.core.async.publisher.AsyncSingleResultPublisher$ExecutorServiceSubscription	request(long)	onError(java.lang.Throwable)	org.reactivestreams.Subscriber	SOURCE
io.micronaut.core.async.publisher.AsyncSingleResultPublisher$ExecutorServiceSubscription	request(long)	submit(java.lang.Runnable)	java.util.concurrent.ExecutorService	SOURCE
io.micronaut.core.async.publisher.AsyncSingleResultPublisher$ExecutorServiceSubscription	request(long)	run()	java.lang.Runnable	SOURCE
io.micronaut.core.async.publisher.AsyncSingleResultPublisher$ExecutorServiceSubscription	request(long)	get()	java.util.function.Supplier	SOURCE
io.micronaut.core.async.publisher.AsyncSingleResultPublisher$ExecutorServiceSubscription	request(long)	onNext(T)	org.reactivestreams.Subscriber	SOURCE
io.micronaut.core.async.publisher.AsyncSingleResultPublisher$ExecutorServiceSubscription	request(long)	onComplete()	org.reactivestreams.Subscriber	SOURCE
io.micronaut.core.async.publisher.AsyncSingleResultPublisher$ExecutorServiceSubscription	request(long)	onError(java.lang.Throwable)	org.reactivestreams.Subscriber	SOURCE
io.micronaut.core.async.publisher.AsyncSingleResultPublisher$ExecutorServiceSubscription	cancel()	cancel(boolean)	java.util.concurrent.Future	SOURCE
io.micronaut.core.async.publisher.PublishersOptimizations	PublishersOptimizations(java.util.List,java.util.List,java.util.List)	Object()	java.lang.Object	SOURCE
io.micronaut.core.async.processor.SingleSubscriberProcessor	subscriber	AtomicReference()	java.util.concurrent.atomic.AtomicReference	SOURCE
io.micronaut.core.async.processor.SingleSubscriberProcessor	subscribe(org.reactivestreams.Subscriber)	requireNonNull(T,java.lang.String)	java.util.Objects	SOURCE
io.micronaut.core.async.processor.SingleSubscriberProcessor	subscribe(org.reactivestreams.Subscriber)	compareAndSet(V,V)	java.util.concurrent.atomic.AtomicReference	SOURCE
io.micronaut.core.async.processor.SingleSubscriberProcessor	subscribe(org.reactivestreams.Subscriber)	onSubscribe(org.reactivestreams.Subscription)	org.reactivestreams.Subscriber	SOURCE
io.micronaut.core.async.processor.SingleSubscriberProcessor	subscribe(org.reactivestreams.Subscriber)	onError(java.lang.Throwable)	org.reactivestreams.Subscriber	SOURCE
io.micronaut.core.async.processor.SingleSubscriberProcessor	subscribe(org.reactivestreams.Subscriber)	IllegalStateException(java.lang.String)	java.lang.IllegalStateException	SOURCE
io.micronaut.core.async.processor.SingleSubscriberProcessor	subscribe(org.reactivestreams.Subscriber)	doSubscribe(org.reactivestreams.Subscriber)	io.micronaut.core.async.processor.SingleSubscriberProcessor	SOURCE
io.micronaut.core.async.processor.SingleSubscriberProcessor	getSubscriber()	get()	java.util.concurrent.atomic.AtomicReference	SOURCE
io.micronaut.core.async.processor.SingleSubscriberProcessor	getSubscriber()	verifyState(org.reactivestreams.Subscriber)	io.micronaut.core.async.processor.SingleSubscriberProcessor	SOURCE
io.micronaut.core.async.processor.SingleSubscriberProcessor	currentSubscriber()	get()	java.util.concurrent.atomic.AtomicReference	SOURCE
io.micronaut.core.async.processor.SingleSubscriberProcessor	currentSubscriber()	ofNullable(T)	java.util.Optional	SOURCE
io.micronaut.core.async.processor.SingleSubscriberProcessor	doOnSubscribe(org.reactivestreams.Subscription,org.reactivestreams.Subscriber)	onSubscribe(org.reactivestreams.Subscription)	org.reactivestreams.Subscriber	SOURCE
io.micronaut.core.async.processor.SingleSubscriberProcessor	doOnSubscribe(org.reactivestreams.Subscription)	get()	java.util.concurrent.atomic.AtomicReference	SOURCE
io.micronaut.core.async.processor.SingleSubscriberProcessor	doOnSubscribe(org.reactivestreams.Subscription)	verifyState(org.reactivestreams.Subscriber)	io.micronaut.core.async.processor.SingleSubscriberProcessor	SOURCE
io.micronaut.core.async.processor.SingleSubscriberProcessor	doOnSubscribe(org.reactivestreams.Subscription)	doOnSubscribe(org.reactivestreams.Subscription,org.reactivestreams.Subscriber)	io.micronaut.core.async.processor.SingleSubscriberProcessor	SOURCE
io.micronaut.core.async.processor.SingleSubscriberProcessor	doOnSubscribe(org.reactivestreams.Subscription)	doAfterOnSubscribe(org.reactivestreams.Subscription)	io.micronaut.core.async.processor.SingleSubscriberProcessor	SOURCE
io.micronaut.core.async.processor.SingleSubscriberProcessor	doOnError(java.lang.Throwable)	getSubscriber()	io.micronaut.core.async.processor.SingleSubscriberProcessor	SOURCE
io.micronaut.core.async.processor.SingleSubscriberProcessor	doOnError(java.lang.Throwable)	cancel()	org.reactivestreams.Subscription	SOURCE
io.micronaut.core.async.processor.SingleSubscriberProcessor	doOnError(java.lang.Throwable)	onError(java.lang.Throwable)	org.reactivestreams.Subscriber	SOURCE
io.micronaut.core.async.processor.SingleSubscriberProcessor	doOnError(java.lang.Throwable)	doAfterOnError(java.lang.Throwable)	io.micronaut.core.async.processor.SingleSubscriberProcessor	SOURCE
io.micronaut.core.async.processor.SingleSubscriberProcessor	doOnComplete()	getSubscriber()	io.micronaut.core.async.processor.SingleSubscriberProcessor	SOURCE
io.micronaut.core.async.processor.SingleSubscriberProcessor	doOnComplete()	onComplete()	org.reactivestreams.Subscriber	SOURCE
io.micronaut.core.async.processor.SingleSubscriberProcessor	doOnComplete()	doAfterComplete()	io.micronaut.core.async.processor.SingleSubscriberProcessor	SOURCE
io.micronaut.core.async.processor.SingleSubscriberProcessor	verifyState(org.reactivestreams.Subscriber)	IllegalStateException(java.lang.String)	java.lang.IllegalStateException	SOURCE
io.micronaut.core.async.processor.SingleSubscriberProcessor	verifyState(org.reactivestreams.Subscriber)	onSubscribe(org.reactivestreams.Subscription)	org.reactivestreams.Subscriber	SOURCE
io.micronaut.core.async.processor.SingleSubscriberProcessor	verifyState(org.reactivestreams.Subscriber)	onError(java.lang.Throwable)	org.reactivestreams.Subscriber	SOURCE
io.micronaut.core.async.processor.SingleSubscriberProcessor	verifyState(org.reactivestreams.Subscriber)	IllegalStateException(java.lang.String)	java.lang.IllegalStateException	SOURCE
io.micronaut.core.async.subscriber.CompletionAwareSubscriber	LOG	getLogger(java.lang.Class)	org.slf4j.LoggerFactory	SOURCE
io.micronaut.core.async.subscriber.CompletionAwareSubscriber	complete	AtomicBoolean(boolean)	java.util.concurrent.atomic.AtomicBoolean	SOURCE
io.micronaut.core.async.subscriber.CompletionAwareSubscriber	onSubscribe(org.reactivestreams.Subscription)	doOnSubscribe(org.reactivestreams.Subscription)	io.micronaut.core.async.subscriber.CompletionAwareSubscriber	SOURCE
io.micronaut.core.async.subscriber.CompletionAwareSubscriber	isComplete()	get()	java.util.concurrent.atomic.AtomicBoolean	SOURCE
io.micronaut.core.async.subscriber.CompletionAwareSubscriber	onNext(T)	get()	java.util.concurrent.atomic.AtomicBoolean	SOURCE
io.micronaut.core.async.subscriber.CompletionAwareSubscriber	onNext(T)	doOnNext(T)	io.micronaut.core.async.subscriber.CompletionAwareSubscriber	SOURCE
io.micronaut.core.async.subscriber.CompletionAwareSubscriber	onNext(T)	onError(java.lang.Throwable)	io.micronaut.core.async.subscriber.CompletionAwareSubscriber	SOURCE
io.micronaut.core.async.subscriber.CompletionAwareSubscriber	onError(java.lang.Throwable)	compareAndSet(boolean,boolean)	java.util.concurrent.atomic.AtomicBoolean	SOURCE
io.micronaut.core.async.subscriber.CompletionAwareSubscriber	onError(java.lang.Throwable)	cancel()	org.reactivestreams.Subscription	SOURCE
io.micronaut.core.async.subscriber.CompletionAwareSubscriber	onError(java.lang.Throwable)	doOnError(java.lang.Throwable)	io.micronaut.core.async.subscriber.CompletionAwareSubscriber	SOURCE
io.micronaut.core.async.subscriber.CompletionAwareSubscriber	onError(java.lang.Throwable)	isDebugEnabled()	org.slf4j.Logger	SOURCE
io.micronaut.core.async.subscriber.CompletionAwareSubscriber	onError(java.lang.Throwable)	debug(java.lang.String,java.lang.Throwable)	org.slf4j.Logger	SOURCE
io.micronaut.core.async.subscriber.CompletionAwareSubscriber	onComplete()	compareAndSet(boolean,boolean)	java.util.concurrent.atomic.AtomicBoolean	SOURCE
io.micronaut.core.async.subscriber.CompletionAwareSubscriber	onComplete()	doOnComplete()	io.micronaut.core.async.subscriber.CompletionAwareSubscriber	SOURCE
io.micronaut.core.async.subscriber.CompletionAwareSubscriber	onComplete()	doOnError(java.lang.Throwable)	io.micronaut.core.async.subscriber.CompletionAwareSubscriber	SOURCE
io.micronaut.core.async.processor.SingleThreadedBufferingProcessor	downstreamSubscriber	AtomicReference()	java.util.concurrent.atomic.AtomicReference	SOURCE
io.micronaut.core.async.processor.SingleThreadedBufferingProcessor	subscribe(org.reactivestreams.Subscriber)	subscribeDownstream(org.reactivestreams.Subscriber)	io.micronaut.core.async.processor.SingleThreadedBufferingProcessor	SOURCE
io.micronaut.core.async.processor.SingleThreadedBufferingProcessor	doOnComplete()	ifPresent(java.util.function.Consumer)	java.util.Optional	SOURCE
io.micronaut.core.async.processor.SingleThreadedBufferingProcessor	doOnComplete()	currentDownstreamSubscriber()	io.micronaut.core.async.processor.SingleThreadedBufferingProcessor	SOURCE
io.micronaut.core.async.processor.SingleThreadedBufferingProcessor	doOnComplete()	accept(T)	java.util.function.Consumer	SOURCE
io.micronaut.core.async.processor.SingleThreadedBufferingProcessor	doOnComplete()	onComplete()	org.reactivestreams.Subscriber	SOURCE
io.micronaut.core.async.processor.SingleThreadedBufferingProcessor	doOnComplete()	onError(java.lang.Throwable)	io.micronaut.core.async.subscriber.SingleThreadedBufferingSubscriber	SOURCE
io.micronaut.core.async.processor.SingleThreadedBufferingProcessor	doOnNext(R)	onUpstreamMessage(R)	io.micronaut.core.async.processor.SingleThreadedBufferingProcessor	SOURCE
io.micronaut.core.async.processor.SingleThreadedBufferingProcessor	doOnSubscribe(org.reactivestreams.Subscription)	ifPresent(java.util.function.Consumer)	java.util.Optional	SOURCE
io.micronaut.core.async.processor.SingleThreadedBufferingProcessor	doOnSubscribe(org.reactivestreams.Subscription)	currentDownstreamSubscriber()	io.micronaut.core.async.processor.SingleThreadedBufferingProcessor	SOURCE
io.micronaut.core.async.processor.SingleThreadedBufferingProcessor	doOnSubscribe(org.reactivestreams.Subscription)	accept(T)	java.util.function.Consumer	SOURCE
io.micronaut.core.async.processor.SingleThreadedBufferingProcessor	doOnSubscribe(org.reactivestreams.Subscription)	provideDownstreamSubscription(org.reactivestreams.Subscriber)	io.micronaut.core.async.subscriber.SingleThreadedBufferingSubscriber	SOURCE
io.micronaut.core.async.processor.SingleThreadedBufferingProcessor	doOnError(java.lang.Throwable)	ifPresent(java.util.function.Consumer)	java.util.Optional	SOURCE
io.micronaut.core.async.processor.SingleThreadedBufferingProcessor	doOnError(java.lang.Throwable)	currentDownstreamSubscriber()	io.micronaut.core.async.processor.SingleThreadedBufferingProcessor	SOURCE
io.micronaut.core.async.processor.SingleThreadedBufferingProcessor	doOnError(java.lang.Throwable)	accept(T)	java.util.function.Consumer	SOURCE
io.micronaut.core.async.processor.SingleThreadedBufferingProcessor	doOnError(java.lang.Throwable)	onError(java.lang.Throwable)	org.reactivestreams.Subscriber	SOURCE
io.micronaut.core.async.processor.SingleThreadedBufferingProcessor	subscribeDownstream(org.reactivestreams.Subscriber)	compareAndSet(V,V)	java.util.concurrent.atomic.AtomicReference	SOURCE
io.micronaut.core.async.processor.SingleThreadedBufferingProcessor	subscribeDownstream(org.reactivestreams.Subscriber)	IllegalStateException(java.lang.String)	java.lang.IllegalStateException	SOURCE
io.micronaut.core.async.processor.SingleThreadedBufferingProcessor	subscribeDownstream(org.reactivestreams.Subscriber)	isEmpty()	java.util.Collection	SOURCE
io.micronaut.core.async.processor.SingleThreadedBufferingProcessor	subscribeDownstream(org.reactivestreams.Subscriber)	provideDownstreamSubscription(org.reactivestreams.Subscriber)	io.micronaut.core.async.subscriber.SingleThreadedBufferingSubscriber	SOURCE
io.micronaut.core.async.processor.SingleThreadedBufferingProcessor	currentDownstreamSubscriber()	ofNullable(T)	java.util.Optional	SOURCE
io.micronaut.core.async.processor.SingleThreadedBufferingProcessor	currentDownstreamSubscriber()	get()	java.util.concurrent.atomic.AtomicReference	SOURCE
io.micronaut.core.async.processor.SingleThreadedBufferingProcessor	getDownstreamSubscriber()	orElseThrow(java.util.function.Supplier)	java.util.Optional	SOURCE
io.micronaut.core.async.processor.SingleThreadedBufferingProcessor	getDownstreamSubscriber()	ofNullable(T)	java.util.Optional	SOURCE
io.micronaut.core.async.processor.SingleThreadedBufferingProcessor	getDownstreamSubscriber()	get()	java.util.concurrent.atomic.AtomicReference	SOURCE
io.micronaut.core.async.processor.SingleThreadedBufferingProcessor	getDownstreamSubscriber()	get()	java.util.function.Supplier	SOURCE
io.micronaut.core.async.processor.SingleThreadedBufferingProcessor	getDownstreamSubscriber()	IllegalStateException(java.lang.String)	java.lang.IllegalStateException	SOURCE
io.micronaut.core.async.subscriber.SingleThreadedBufferingSubscriber	upstreamBuffer	LinkedList()	java.util.LinkedList	SOURCE
io.micronaut.core.async.subscriber.SingleThreadedBufferingSubscriber	onSubscribe(org.reactivestreams.Subscription)	isEmpty()	java.util.Collection	SOURCE
io.micronaut.core.async.subscriber.SingleThreadedBufferingSubscriber	onSubscribe(org.reactivestreams.Subscription)	doOnSubscribe(org.reactivestreams.Subscription)	io.micronaut.core.async.subscriber.SingleThreadedBufferingSubscriber	SOURCE
io.micronaut.core.async.subscriber.SingleThreadedBufferingSubscriber	onComplete()	doOnComplete()	io.micronaut.core.async.subscriber.SingleThreadedBufferingSubscriber	SOURCE
io.micronaut.core.async.subscriber.SingleThreadedBufferingSubscriber	onNext(T)	add(E)	java.util.Queue	SOURCE
io.micronaut.core.async.subscriber.SingleThreadedBufferingSubscriber	onNext(T)	add(E)	java.util.Queue	SOURCE
io.micronaut.core.async.subscriber.SingleThreadedBufferingSubscriber	onNext(T)	forwardMessageDownstream(T)	io.micronaut.core.async.subscriber.SingleThreadedBufferingSubscriber	SOURCE
io.micronaut.core.async.subscriber.SingleThreadedBufferingSubscriber	onNext(T)	isEmpty()	java.util.Collection	SOURCE
io.micronaut.core.async.subscriber.SingleThreadedBufferingSubscriber	forwardMessageDownstream(T)	doOnNext(T)	io.micronaut.core.async.subscriber.SingleThreadedBufferingSubscriber	SOURCE
io.micronaut.core.async.subscriber.SingleThreadedBufferingSubscriber	forwardMessageDownstream(T)	onError(java.lang.Throwable)	io.micronaut.core.async.subscriber.SingleThreadedBufferingSubscriber	SOURCE
io.micronaut.core.async.subscriber.SingleThreadedBufferingSubscriber	onError(java.lang.Throwable)	cancel()	org.reactivestreams.Subscription	SOURCE
io.micronaut.core.async.subscriber.SingleThreadedBufferingSubscriber	onError(java.lang.Throwable)	clear()	java.util.Collection	SOURCE
io.micronaut.core.async.subscriber.SingleThreadedBufferingSubscriber	onError(java.lang.Throwable)	doOnError(java.lang.Throwable)	io.micronaut.core.async.subscriber.SingleThreadedBufferingSubscriber	SOURCE
io.micronaut.core.async.subscriber.SingleThreadedBufferingSubscriber	provideDownstreamSubscription(org.reactivestreams.Subscriber)	onSubscribe(org.reactivestreams.Subscription)	org.reactivestreams.Subscriber	SOURCE
io.micronaut.core.async.subscriber.SingleThreadedBufferingSubscriber	provideDownstreamSubscription(org.reactivestreams.Subscriber)	newDownstreamSubscription()	io.micronaut.core.async.subscriber.SingleThreadedBufferingSubscriber	SOURCE
io.micronaut.core.async.subscriber.SingleThreadedBufferingSubscriber	newDownstreamSubscription()	DownstreamSubscription()	io.micronaut.core.async.subscriber.SingleThreadedBufferingSubscriber$DownstreamSubscription	SOURCE
io.micronaut.core.async.subscriber.SingleThreadedBufferingSubscriber	registerDemand(long)	illegalDemand()	io.micronaut.core.async.subscriber.SingleThreadedBufferingSubscriber	SOURCE
io.micronaut.core.async.subscriber.SingleThreadedBufferingSubscriber	flushBuffer()	isEmpty()	java.util.Collection	SOURCE
io.micronaut.core.async.subscriber.SingleThreadedBufferingSubscriber	flushBuffer()	forwardMessageDownstream(T)	io.micronaut.core.async.subscriber.SingleThreadedBufferingSubscriber	SOURCE
io.micronaut.core.async.subscriber.SingleThreadedBufferingSubscriber	flushBuffer()	remove()	java.util.Queue	SOURCE
io.micronaut.core.async.subscriber.SingleThreadedBufferingSubscriber	flushBuffer()	isEmpty()	java.util.Collection	SOURCE
io.micronaut.core.async.subscriber.SingleThreadedBufferingSubscriber	flushBuffer()	doOnComplete()	io.micronaut.core.async.subscriber.SingleThreadedBufferingSubscriber	SOURCE
io.micronaut.core.async.subscriber.SingleThreadedBufferingSubscriber	flushBuffer()	request(long)	org.reactivestreams.Subscription	SOURCE
io.micronaut.core.async.subscriber.SingleThreadedBufferingSubscriber	illegalDemand()	onError(java.lang.Throwable)	io.micronaut.core.async.subscriber.SingleThreadedBufferingSubscriber	SOURCE
io.micronaut.core.async.subscriber.SingleThreadedBufferingSubscriber	illegalDemand()	IllegalArgumentException(java.lang.String)	java.lang.IllegalArgumentException	SOURCE
io.micronaut.core.async.subscriber.SingleThreadedBufferingSubscriber$BackPressureState	NO_SUBSCRIBER	BackPressureState()	io.micronaut.core.async.subscriber.SingleThreadedBufferingSubscriber$BackPressureState	SOURCE
io.micronaut.core.async.subscriber.SingleThreadedBufferingSubscriber$BackPressureState	IDLE	BackPressureState()	io.micronaut.core.async.subscriber.SingleThreadedBufferingSubscriber$BackPressureState	SOURCE
io.micronaut.core.async.subscriber.SingleThreadedBufferingSubscriber$BackPressureState	BUFFERING	BackPressureState()	io.micronaut.core.async.subscriber.SingleThreadedBufferingSubscriber$BackPressureState	SOURCE
io.micronaut.core.async.subscriber.SingleThreadedBufferingSubscriber$BackPressureState	DEMANDING	BackPressureState()	io.micronaut.core.async.subscriber.SingleThreadedBufferingSubscriber$BackPressureState	SOURCE
io.micronaut.core.async.subscriber.SingleThreadedBufferingSubscriber$BackPressureState	FLOWING	BackPressureState()	io.micronaut.core.async.subscriber.SingleThreadedBufferingSubscriber$BackPressureState	SOURCE
io.micronaut.core.async.subscriber.SingleThreadedBufferingSubscriber$BackPressureState	DONE	BackPressureState()	io.micronaut.core.async.subscriber.SingleThreadedBufferingSubscriber$BackPressureState	SOURCE
io.micronaut.core.async.subscriber.SingleThreadedBufferingSubscriber$DownstreamSubscription	request(long)	processDemand(long)	io.micronaut.core.async.subscriber.SingleThreadedBufferingSubscriber$DownstreamSubscription	SOURCE
io.micronaut.core.async.subscriber.SingleThreadedBufferingSubscriber$DownstreamSubscription	request(long)	request(long)	org.reactivestreams.Subscription	SOURCE
io.micronaut.core.async.subscriber.SingleThreadedBufferingSubscriber$DownstreamSubscription	cancel()	cancel()	org.reactivestreams.Subscription	SOURCE
io.micronaut.core.async.subscriber.SingleThreadedBufferingSubscriber$DownstreamSubscription	processDemand(long)	registerDemand(long)	io.micronaut.core.async.subscriber.SingleThreadedBufferingSubscriber	SOURCE
io.micronaut.core.async.subscriber.SingleThreadedBufferingSubscriber$DownstreamSubscription	processDemand(long)	flushBuffer()	io.micronaut.core.async.subscriber.SingleThreadedBufferingSubscriber	SOURCE
io.micronaut.core.async.subscriber.SingleThreadedBufferingSubscriber$DownstreamSubscription	processDemand(long)	registerDemand(long)	io.micronaut.core.async.subscriber.SingleThreadedBufferingSubscriber	SOURCE
io.micronaut.core.async.subscriber.SingleThreadedBufferingSubscriber$DownstreamSubscription	processDemand(long)	registerDemand(long)	io.micronaut.core.async.subscriber.SingleThreadedBufferingSubscriber	SOURCE
io.micronaut.core.async.subscriber.SingleThreadedBufferingSubscriber$DownstreamSubscription	processDemand(long)	flushBuffer()	io.micronaut.core.async.subscriber.SingleThreadedBufferingSubscriber	SOURCE
io.micronaut.core.async.converters.ReactiveTypeConverterRegistrar	register(io.micronaut.core.convert.MutableConversionService)	addConverter(java.lang.Class,java.lang.Class,java.util.function.Function)	io.micronaut.core.convert.MutableConversionService	SOURCE
io.micronaut.core.async.converters.ReactiveTypeConverterRegistrar	register(io.micronaut.core.convert.MutableConversionService)	apply(T)	java.util.function.Function	SOURCE
io.micronaut.core.async.converters.ReactiveTypeConverterRegistrar	register(io.micronaut.core.convert.MutableConversionService)	just(T)	io.micronaut.core.async.publisher.Publishers	SOURCE
io.micronaut.core.async.annotation.SingleResult	NAME	getName()	java.lang.Class	SOURCE
io.micronaut.core.async.ReactiveStreamsTypeInformationProvider	isSpecifiedSingle(io.micronaut.core.annotation.AnnotationMetadataProvider)	getAnnotationMetadata()	io.micronaut.core.annotation.AnnotationMetadataProvider	SOURCE
io.micronaut.core.async.ReactiveStreamsTypeInformationProvider	isSpecifiedSingle(io.micronaut.core.annotation.AnnotationMetadataProvider)	hasStereotype(java.lang.Class)	io.micronaut.core.annotation.AnnotationMetadata	SOURCE
io.micronaut.core.async.ReactiveStreamsTypeInformationProvider	isSpecifiedSingle(io.micronaut.core.annotation.AnnotationMetadataProvider)	orElse(T)	java.util.Optional	SOURCE
io.micronaut.core.async.ReactiveStreamsTypeInformationProvider	isSpecifiedSingle(io.micronaut.core.annotation.AnnotationMetadataProvider)	booleanValue(java.lang.String)	io.micronaut.core.annotation.AnnotationMetadata	SOURCE
io.micronaut.core.async.ReactiveStreamsTypeInformationProvider	isSingle(java.lang.Class)	isSingle(java.lang.Class)	io.micronaut.core.async.publisher.Publishers	SOURCE
io.micronaut.core.async.ReactiveStreamsTypeInformationProvider	isReactive(java.lang.Class)	isConvertibleToPublisher(java.lang.Class)	io.micronaut.core.async.publisher.Publishers	SOURCE
io.micronaut.core.async.ReactiveStreamsTypeInformationProvider	isCompletable(java.lang.Class)	isCompletable(java.lang.Class)	io.micronaut.core.async.publisher.Publishers	SOURCE
io.micronaut.core.async.propagation.ReactorPropagation	ReactorPropagation()	Object()	java.lang.Object	SOURCE
io.micronaut.core.async.propagation.ReactorPropagation	addPropagatedContext(reactor.util.context.Context,io.micronaut.core.propagation.PropagatedContext)	put(java.lang.Object,java.lang.Object)	reactor.util.context.Context	SOURCE
io.micronaut.core.async.propagation.ReactorPropagation	addContextElement(reactor.util.context.Context,io.micronaut.core.propagation.PropagatedContextElement)	addPropagatedContext(reactor.util.context.Context,io.micronaut.core.propagation.PropagatedContext)	io.micronaut.core.async.propagation.ReactorPropagation	SOURCE
io.micronaut.core.async.propagation.ReactorPropagation	addContextElement(reactor.util.context.Context,io.micronaut.core.propagation.PropagatedContextElement)	plus(io.micronaut.core.propagation.PropagatedContextElement)	io.micronaut.core.propagation.PropagatedContext	SOURCE
io.micronaut.core.async.propagation.ReactorPropagation	addContextElement(reactor.util.context.Context,io.micronaut.core.propagation.PropagatedContextElement)	orElse(T)	java.util.Optional	SOURCE
io.micronaut.core.async.propagation.ReactorPropagation	addContextElement(reactor.util.context.Context,io.micronaut.core.propagation.PropagatedContextElement)	findPropagatedContext(reactor.util.context.ContextView)	io.micronaut.core.async.propagation.ReactorPropagation	SOURCE
io.micronaut.core.async.propagation.ReactorPropagation	addContextElement(reactor.util.context.Context,io.micronaut.core.propagation.PropagatedContextElement)	getOrEmpty()	io.micronaut.core.propagation.PropagatedContext	SOURCE
io.micronaut.core.async.propagation.ReactorPropagation	findContextElement(reactor.util.context.ContextView,java.lang.Class)	flatMap(java.util.function.Function)	java.util.Optional	SOURCE
io.micronaut.core.async.propagation.ReactorPropagation	findContextElement(reactor.util.context.ContextView,java.lang.Class)	findPropagatedContext(reactor.util.context.ContextView)	io.micronaut.core.async.propagation.ReactorPropagation	SOURCE
io.micronaut.core.async.propagation.ReactorPropagation	findContextElement(reactor.util.context.ContextView,java.lang.Class)	apply(T)	java.util.function.Function	SOURCE
io.micronaut.core.async.propagation.ReactorPropagation	findContextElement(reactor.util.context.ContextView,java.lang.Class)	find(java.lang.Class)	io.micronaut.core.propagation.PropagatedContext	SOURCE
io.micronaut.core.async.propagation.ReactorPropagation	findAllContextElements(reactor.util.context.ContextView,java.lang.Class)	flatMap(java.util.function.Function)	java.util.stream.Stream	SOURCE
io.micronaut.core.async.propagation.ReactorPropagation	findAllContextElements(reactor.util.context.ContextView,java.lang.Class)	stream()	java.util.Optional	SOURCE
io.micronaut.core.async.propagation.ReactorPropagation	findAllContextElements(reactor.util.context.ContextView,java.lang.Class)	findPropagatedContext(reactor.util.context.ContextView)	io.micronaut.core.async.propagation.ReactorPropagation	SOURCE
io.micronaut.core.async.propagation.ReactorPropagation	findAllContextElements(reactor.util.context.ContextView,java.lang.Class)	apply(T)	java.util.function.Function	SOURCE
io.micronaut.core.async.propagation.ReactorPropagation	findAllContextElements(reactor.util.context.ContextView,java.lang.Class)	findAll(java.lang.Class)	io.micronaut.core.propagation.PropagatedContext	SOURCE
io.micronaut.core.async.propagation.ReactorPropagation	findPropagatedContext(reactor.util.context.ContextView)	map(java.util.function.Function)	java.util.Optional	SOURCE
io.micronaut.core.async.propagation.ReactorPropagation	findPropagatedContext(reactor.util.context.ContextView)	getOrEmpty(java.lang.Object)	reactor.util.context.ContextView	SOURCE
io.micronaut.core.async.propagation.ReactorPropagation	findPropagatedContext(reactor.util.context.ContextView)	apply(T)	java.util.function.Function	SOURCE
io.micronaut.core.async.propagation.ReactivePropagation	ReactivePropagation()	Object()	java.lang.Object	SOURCE
io.micronaut.core.async.propagation.ReactivePropagation$1	subscribe(reactor.core.CoreSubscriber)	propagate()	io.micronaut.core.propagation.PropagatedContext	SOURCE
io.micronaut.core.async.propagation.ReactivePropagation$1	subscribe(reactor.core.CoreSubscriber)	subscribe(reactor.core.CoreSubscriber)	reactor.core.CorePublisher	SOURCE
io.micronaut.core.async.propagation.ReactivePropagation$1	subscribe(org.reactivestreams.Subscriber)	subscribe(reactor.core.CoreSubscriber)	io.micronaut.core.async.propagation.ReactivePropagation$1	SOURCE
io.micronaut.core.async.propagation.ReactivePropagation$1	subscribe(org.reactivestreams.Subscriber)	propagate()	io.micronaut.core.propagation.PropagatedContext	SOURCE
io.micronaut.core.async.propagation.ReactivePropagation$1	subscribe(org.reactivestreams.Subscriber)	subscribe(org.reactivestreams.Subscriber)	org.reactivestreams.Publisher	SOURCE
io.micronaut.core.async.propagation.ReactivePropagation	propagate(io.micronaut.core.propagation.PropagatedContext,org.reactivestreams.Publisher)	subscribe(org.reactivestreams.Subscriber)	org.reactivestreams.Publisher	SOURCE
io.micronaut.core.async.propagation.ReactivePropagation	propagate(io.micronaut.core.propagation.PropagatedContext,org.reactivestreams.Publisher)	propagate()	io.micronaut.core.propagation.PropagatedContext	SOURCE
io.micronaut.core.async.propagation.ReactivePropagation	propagate(io.micronaut.core.propagation.PropagatedContext,org.reactivestreams.Publisher)	subscribe(org.reactivestreams.Subscriber)	org.reactivestreams.Publisher	SOURCE
io.micronaut.core.async.propagation.ReactivePropagation$2	currentContext()	currentContext()	reactor.core.CoreSubscriber	SOURCE
io.micronaut.core.async.propagation.ReactivePropagation$2	currentContext()	currentContext()	reactor.core.CoreSubscriber	SOURCE
io.micronaut.core.async.propagation.ReactivePropagation$2	onSubscribe(org.reactivestreams.Subscription)	propagate()	io.micronaut.core.propagation.PropagatedContext	SOURCE
io.micronaut.core.async.propagation.ReactivePropagation$2	onSubscribe(org.reactivestreams.Subscription)	onSubscribe(org.reactivestreams.Subscription)	org.reactivestreams.Subscriber	SOURCE
io.micronaut.core.async.propagation.ReactivePropagation$2	onNext(T)	propagate()	io.micronaut.core.propagation.PropagatedContext	SOURCE
io.micronaut.core.async.propagation.ReactivePropagation$2	onNext(T)	onNext(T)	org.reactivestreams.Subscriber	SOURCE
io.micronaut.core.async.propagation.ReactivePropagation$2	onError(java.lang.Throwable)	propagate()	io.micronaut.core.propagation.PropagatedContext	SOURCE
io.micronaut.core.async.propagation.ReactivePropagation$2	onError(java.lang.Throwable)	onError(java.lang.Throwable)	org.reactivestreams.Subscriber	SOURCE
io.micronaut.core.async.propagation.ReactivePropagation$2	onComplete()	propagate()	io.micronaut.core.propagation.PropagatedContext	SOURCE
io.micronaut.core.async.propagation.ReactivePropagation$2	onComplete()	onComplete()	org.reactivestreams.Subscriber	SOURCE
io.micronaut.core.async.subscriber.TypedSubscriber	TypedSubscriber(io.micronaut.core.type.Argument)	CompletionAwareSubscriber()	io.micronaut.core.async.subscriber.CompletionAwareSubscriber	SOURCE
